
-- Kids Quest Hub Fusion schema + expanded interactive levels
-- Run this file in Supabase SQL Editor.
-- It is safe to run again: core records are upserted, old demo levels for these games are replaced.

create extension if not exists pgcrypto;

create table if not exists public.courses (
  id uuid primary key default gen_random_uuid(),
  title text not null,
  slug text not null unique,
  emoji text not null default '🎮',
  created_at timestamptz not null default now()
);

create table if not exists public.games (
  id uuid primary key default gen_random_uuid(),
  course_id uuid not null references public.courses(id) on delete cascade,
  title text not null,
  slug text not null unique,
  age_min int not null default 6,
  age_max int not null default 9,
  duration_minutes int not null default 60,
  description text,
  cover_emoji text not null default '🎮',
  is_active boolean not null default true,
  created_at timestamptz not null default now()
);

create table if not exists public.game_levels (
  id uuid primary key default gen_random_uuid(),
  game_id uuid not null references public.games(id) on delete cascade,
  order_index int not null,
  title text not null,
  type text not null default 'game',
  time_minutes int not null default 7,
  teacher_hint text,
  config_json jsonb not null default '{}'::jsonb,
  created_at timestamptz not null default now(),
  unique(game_id, order_index)
);

alter table public.game_levels drop constraint if exists game_levels_type_check;
alter table public.game_levels add constraint game_levels_type_check check (type in ('choice', 'sort', 'build', 'game', 'quiz'));

create table if not exists public.rooms (
  id uuid primary key default gen_random_uuid(),
  code text not null unique,
  game_id uuid not null references public.games(id) on delete cascade,
  teacher_name text not null default 'Викладач',
  status text not null default 'waiting' check (status in ('waiting', 'running', 'finished')),
  current_level int not null default 0,
  level_limit int not null default 15,
  timer_ends_at timestamptz,
  started_at timestamptz,
  ended_at timestamptz,
  created_at timestamptz not null default now()
);

alter table public.rooms add column if not exists level_limit int not null default 15;

create table if not exists public.teams (
  id uuid primary key default gen_random_uuid(),
  room_id uuid not null references public.rooms(id) on delete cascade,
  name text not null,
  emoji text not null default '🔵',
  score int not null default 0,
  created_at timestamptz not null default now()
);

create table if not exists public.players (
  id uuid primary key default gen_random_uuid(),
  room_id uuid not null references public.rooms(id) on delete cascade,
  team_id uuid references public.teams(id) on delete set null,
  name text not null,
  avatar text not null default '🤖',
  score int not null default 0,
  current_level int not null default 0,
  status text not null default 'online',
  joined_at timestamptz not null default now()
);

create table if not exists public.events (
  id uuid primary key default gen_random_uuid(),
  room_id uuid not null references public.rooms(id) on delete cascade,
  player_id uuid references public.players(id) on delete set null,
  type text not null,
  payload_json jsonb not null default '{}'::jsonb,
  created_at timestamptz not null default now()
);

alter table public.courses enable row level security;
alter table public.games enable row level security;
alter table public.game_levels enable row level security;
alter table public.rooms enable row level security;
alter table public.teams enable row level security;
alter table public.players enable row level security;
alter table public.events enable row level security;

drop policy if exists "open read courses" on public.courses;
drop policy if exists "open read games" on public.games;
drop policy if exists "open read levels" on public.game_levels;
drop policy if exists "open classroom rooms" on public.rooms;
drop policy if exists "open classroom teams" on public.teams;
drop policy if exists "open classroom players" on public.players;
drop policy if exists "open classroom events" on public.events;

create policy "open read courses" on public.courses for select using (true);
create policy "open read games" on public.games for select using (true);
create policy "open read levels" on public.game_levels for select using (true);
create policy "open classroom rooms" on public.rooms for all using (true) with check (true);
create policy "open classroom teams" on public.teams for all using (true) with check (true);
create policy "open classroom players" on public.players for all using (true) with check (true);
create policy "open classroom events" on public.events for all using (true) with check (true);

grant usage on schema public to anon, authenticated;
grant select, insert, update, delete on all tables in schema public to anon, authenticated;
grant usage, select on all sequences in schema public to anon, authenticated;

insert into public.courses (id, title, slug, emoji) values
('00000000-0000-4000-8000-000000000001', 'Робототехніка WeDo 2.0 / Spike Prime', 'robotics', '🤖'),
('00000000-0000-4000-8000-000000000002', 'Комп’ютерна грамотність та ШІ', 'digital-ai', '🧠'),
('00000000-0000-4000-8000-000000000003', 'Програмування Scratch', 'scratch', '🐱')
on conflict (slug) do update set title = excluded.title, emoji = excluded.emoji;

insert into public.games (id, course_id, title, slug, age_min, age_max, duration_minutes, description, cover_emoji, is_active) values
('10000000-0000-4000-8000-000000000001', '00000000-0000-4000-8000-000000000001', 'RoboCity Rescue: місії WeDo 2.0 / Spike Prime', 'robocity-rescue', 6, 9, 90, 'Повноцінна гра з картою робота, ремонтом, деталями, програмними блоками, тестами й міні-полігонами.', '🤖', true),
('20000000-0000-4000-8000-000000000002', '00000000-0000-4000-8000-000000000002', 'Digital City: комп’ютерна грамотність та ШІ', 'digital-city-ai', 6, 9, 90, 'Робочий стіл, браузер, пошта, чат, паролі, файли, міні-тести й тренування маленького ШІ.', '🛡️', true),
('30000000-0000-4000-8000-000000000003', '00000000-0000-4000-8000-000000000003', 'Scratch Arcade: гра, блоки й квест котика', 'scratch-arcade', 6, 9, 90, 'Міні-сцени, Scratch-блоки, порядок команд, персонажі, бонуси, вороги, тести й фінальна презентація.', '🐱', true)
on conflict (slug) do update set title = excluded.title, description = excluded.description, cover_emoji = excluded.cover_emoji, duration_minutes = excluded.duration_minutes, is_active = true;

delete from public.game_levels where game_id in ('10000000-0000-4000-8000-000000000001', '20000000-0000-4000-8000-000000000002', '30000000-0000-4000-8000-000000000003');

insert into public.game_levels (game_id, order_index, title, type, time_minutes, teacher_hint, config_json) values
('10000000-0000-4000-8000-000000000001', 1, 'Пробудження ровера · місія 1', 'game', 7, 'Після симуляції перенести маршрут на підлогу/стіл і запустити реального робота.', '{"mode": "robotRoute", "hero": "🤖", "instruction": "Склади маршрут робота: рух, повороти, захват і ремонт. Запусти симуляцію.", "robotIcon": "🤖", "robotName": "Robo-WeDo / Spike", "kit": "WeDo 2.0 + Spike Prime", "storyTitle": "Пробудження ровера", "story": "У RoboCity сталася поломка. Робот має пройти поле, виконати дію й доїхати до прапорця.", "objectives": ["обійти перешкоди", "виконати дію", "фініш на прапорці"], "grid": {"rows": 5, "cols": 6, "start": [4, 0], "dir": "E", "goal": [0, 5], "obstacles": [[3, 1], [3, 2], [2, 2], [1, 3]], "items": [{"id": "battery", "pos": [4, 3], "emoji": "🔋"}], "repairs": [{"id": "antenna", "pos": [0, 4], "emoji": "📡"}]}, "commands": [{"id": "forward", "emoji": "⬆️", "title": "вперед"}, {"id": "left", "emoji": "↩️", "title": "ліворуч"}, {"id": "right", "emoji": "↪️", "title": "праворуч"}, {"id": "pickup", "emoji": "🦾", "title": "взяти"}, {"id": "repair", "emoji": "🔧", "title": "ремонт"}], "maxCommands": 19, "points": 15}'::jsonb),
('10000000-0000-4000-8000-000000000001', 2, 'Вантаж для бази · місія 2', 'game', 7, 'Після симуляції перенести маршрут на підлогу/стіл і запустити реального робота.', '{"mode": "robotRoute", "hero": "🤖", "instruction": "Склади маршрут робота: рух, повороти, захват і ремонт. Запусти симуляцію.", "robotIcon": "🤖", "robotName": "Robo-WeDo / Spike", "kit": "WeDo 2.0 + Spike Prime", "storyTitle": "Вантаж для бази", "story": "У RoboCity сталася поломка. Робот має пройти поле, виконати дію й доїхати до прапорця.", "objectives": ["обійти перешкоди", "виконати дію", "фініш на прапорці"], "grid": {"rows": 5, "cols": 6, "start": [2, 0], "dir": "E", "goal": [2, 5], "obstacles": [[1, 2], [2, 2], [3, 2]], "items": [{"id": "gear", "pos": [0, 3], "emoji": "⚙️"}], "repairs": []}, "commands": [{"id": "forward", "emoji": "⬆️", "title": "вперед"}, {"id": "left", "emoji": "↩️", "title": "ліворуч"}, {"id": "right", "emoji": "↪️", "title": "праворуч"}, {"id": "pickup", "emoji": "🦾", "title": "взяти"}, {"id": "repair", "emoji": "🔧", "title": "ремонт"}], "maxCommands": 20, "points": 15}'::jsonb),
('10000000-0000-4000-8000-000000000001', 3, 'Ремонт моста · місія 3', 'game', 7, 'Після симуляції перенести маршрут на підлогу/стіл і запустити реального робота.', '{"mode": "robotRoute", "hero": "🤖", "instruction": "Склади маршрут робота: рух, повороти, захват і ремонт. Запусти симуляцію.", "robotIcon": "🤖", "robotName": "Robo-WeDo / Spike", "kit": "WeDo 2.0 + Spike Prime", "storyTitle": "Ремонт моста", "story": "У RoboCity сталася поломка. Робот має пройти поле, виконати дію й доїхати до прапорця.", "objectives": ["обійти перешкоди", "виконати дію", "фініш на прапорці"], "grid": {"rows": 6, "cols": 6, "start": [5, 0], "dir": "N", "goal": [0, 0], "obstacles": [[4, 1], [3, 1], [2, 1], [1, 1]], "items": [], "repairs": [{"id": "bridge", "pos": [2, 0], "emoji": "🌉"}]}, "commands": [{"id": "forward", "emoji": "⬆️", "title": "вперед"}, {"id": "left", "emoji": "↩️", "title": "ліворуч"}, {"id": "right", "emoji": "↪️", "title": "праворуч"}, {"id": "pickup", "emoji": "🦾", "title": "взяти"}, {"id": "repair", "emoji": "🔧", "title": "ремонт"}], "maxCommands": 21, "points": 15}'::jsonb),
('10000000-0000-4000-8000-000000000001', 4, 'Антена зв’язку · місія 4', 'game', 7, 'Після симуляції перенести маршрут на підлогу/стіл і запустити реального робота.', '{"mode": "robotRoute", "hero": "🤖", "instruction": "Склади маршрут робота: рух, повороти, захват і ремонт. Запусти симуляцію.", "robotIcon": "🤖", "robotName": "Robo-WeDo / Spike", "kit": "WeDo 2.0 + Spike Prime", "storyTitle": "Антена зв’язку", "story": "У RoboCity сталася поломка. Робот має пройти поле, виконати дію й доїхати до прапорця.", "objectives": ["обійти перешкоди", "виконати дію", "фініш на прапорці"], "grid": {"rows": 6, "cols": 6, "start": [5, 5], "dir": "W", "goal": [0, 0], "obstacles": [[4, 4], [3, 4], [3, 3], [2, 3], [1, 2]], "items": [{"id": "box", "pos": [5, 2], "emoji": "📦"}], "repairs": [{"id": "panel", "pos": [1, 0], "emoji": "🔧"}]}, "commands": [{"id": "forward", "emoji": "⬆️", "title": "вперед"}, {"id": "left", "emoji": "↩️", "title": "ліворуч"}, {"id": "right", "emoji": "↪️", "title": "праворуч"}, {"id": "pickup", "emoji": "🦾", "title": "взяти"}, {"id": "repair", "emoji": "🔧", "title": "ремонт"}], "maxCommands": 22, "points": 15}'::jsonb),
('10000000-0000-4000-8000-000000000001', 5, 'Збери робота-помічника 5', 'game', 7, 'Діти натискають потрібні деталі та складають блоки. Потім повторюють логіку на WeDo / Spike.', '{"mode": "robotAssembly", "hero": "🧩", "instruction": "Збери правильні деталі й склади програму запуску робота.", "project": "Марсохід-рятувальник", "requiredParts": ["hub", "motor", "sensor"], "requiredProgram": ["start", "motor_on", "wait", "motor_off"], "parts": [{"id": "hub", "emoji": "🧠", "title": "SmartHub"}, {"id": "motor", "emoji": "⚙️", "title": "Мотор"}, {"id": "sensor", "emoji": "📡", "title": "Датчик"}, {"id": "light", "emoji": "💡", "title": "Світло"}, {"id": "wheel", "emoji": "🛞", "title": "Колесо"}, {"id": "gear", "emoji": "⚙️", "title": "Шестерня"}], "blocks": [{"id": "start", "emoji": "▶️", "title": "старт"}, {"id": "motor_on", "emoji": "⚙️", "title": "мотор"}, {"id": "wait", "emoji": "⏳", "title": "чекати"}, {"id": "light_on", "emoji": "💡", "title": "світло"}, {"id": "motor_off", "emoji": "🛑", "title": "стоп"}], "points": 18}'::jsonb),
('10000000-0000-4000-8000-000000000001', 6, 'Ключ від воріт · місія 6', 'game', 7, 'Після симуляції перенести маршрут на підлогу/стіл і запустити реального робота.', '{"mode": "robotRoute", "hero": "🤖", "instruction": "Склади маршрут робота: рух, повороти, захват і ремонт. Запусти симуляцію.", "robotIcon": "🤖", "robotName": "Robo-WeDo / Spike", "kit": "WeDo 2.0 + Spike Prime", "storyTitle": "Ключ від воріт", "story": "У RoboCity сталася поломка. Робот має пройти поле, виконати дію й доїхати до прапорця.", "objectives": ["обійти перешкоди", "виконати дію", "фініш на прапорці"], "grid": {"rows": 7, "cols": 7, "start": [6, 0], "dir": "E", "goal": [0, 6], "obstacles": [[5, 1], [4, 1], [3, 1], [3, 2], [3, 3], [2, 5], [1, 5]], "items": [{"id": "key", "pos": [6, 3], "emoji": "🗝️"}], "repairs": [{"id": "gate", "pos": [0, 5], "emoji": "🚧"}]}, "commands": [{"id": "forward", "emoji": "⬆️", "title": "вперед"}, {"id": "left", "emoji": "↩️", "title": "ліворуч"}, {"id": "right", "emoji": "↪️", "title": "праворуч"}, {"id": "pickup", "emoji": "🦾", "title": "взяти"}, {"id": "repair", "emoji": "🔧", "title": "ремонт"}], "maxCommands": 19, "points": 15}'::jsonb),
('10000000-0000-4000-8000-000000000001', 7, 'Сортування деталей робота 7', 'game', 6, 'Попросити дітей називати реальні деталі LEGO, які вони бачили в наборі.', '{"mode": "desktopDrag", "hero": "🔩", "instruction": "Розклади деталі: що є електронікою, що механікою, а що інструментом.", "windowTitle": "Склад RoboLab", "pointsPerCard": 4, "categories": [{"id": "electronics", "emoji": "🧠", "title": "Електроніка"}, {"id": "mechanics", "emoji": "⚙️", "title": "Механіка"}, {"id": "tools", "emoji": "🔧", "title": "Інструменти"}, {"id": "field", "emoji": "🗺️", "title": "Поле місії"}], "cards": [{"id": "hub", "emoji": "🧠", "title": "SmartHub", "category": "electronics"}, {"id": "sensor", "emoji": "📡", "title": "Датчик", "category": "electronics"}, {"id": "gear", "emoji": "⚙️", "title": "Шестерня", "category": "mechanics"}, {"id": "wrench", "emoji": "🔧", "title": "Ключ ремонту", "category": "tools"}]}'::jsonb),
('10000000-0000-4000-8000-000000000001', 8, 'Вантаж для бази · місія 8', 'game', 7, 'Після симуляції перенести маршрут на підлогу/стіл і запустити реального робота.', '{"mode": "robotRoute", "hero": "🤖", "instruction": "Склади маршрут робота: рух, повороти, захват і ремонт. Запусти симуляцію.", "robotIcon": "🤖", "robotName": "Robo-WeDo / Spike", "kit": "WeDo 2.0 + Spike Prime", "storyTitle": "Вантаж для бази", "story": "У RoboCity сталася поломка. Робот має пройти поле, виконати дію й доїхати до прапорця.", "objectives": ["обійти перешкоди", "виконати дію", "фініш на прапорці"], "grid": {"rows": 5, "cols": 6, "start": [2, 0], "dir": "E", "goal": [2, 5], "obstacles": [[1, 2], [2, 2], [3, 2]], "items": [{"id": "gear", "pos": [0, 3], "emoji": "⚙️"}], "repairs": []}, "commands": [{"id": "forward", "emoji": "⬆️", "title": "вперед"}, {"id": "left", "emoji": "↩️", "title": "ліворуч"}, {"id": "right", "emoji": "↪️", "title": "праворуч"}, {"id": "pickup", "emoji": "🦾", "title": "взяти"}, {"id": "repair", "emoji": "🔧", "title": "ремонт"}], "maxCommands": 21, "points": 15}'::jsonb),
('10000000-0000-4000-8000-000000000001', 9, 'Міні-тест робототехніка 9', 'game', 6, 'Швидкий тест після кількох місій, без довгого пояснення.', '{"mode": "quizBattle", "hero": "❓", "instruction": "Відповідай на швидкі питання RoboLab.", "pointsPerQuestion": 4, "minCorrect": 2, "questions": [{"text": "Що дає команду роботу?", "options": [{"emoji": "🧠", "title": "Хаб / мозок", "correct": true}, {"emoji": "🪨", "title": "Камінь"}, {"emoji": "🎈", "title": "Повітря"}]}, {"text": "Що робити, якщо робот врізався?", "options": [{"emoji": "🔁", "title": "Змінити алгоритм", "correct": true}, {"emoji": "😴", "title": "Нічого"}, {"emoji": "🧨", "title": "Додати більше помилок"}]}, {"text": "Датчик потрібен, щоб…", "options": [{"emoji": "👀", "title": "Помічати події", "correct": true}, {"emoji": "🍕", "title": "Їсти піцу"}, {"emoji": "🎵", "title": "Бути прикрасою"}]}]}'::jsonb),
('10000000-0000-4000-8000-000000000001', 10, 'Збери робота-помічника 10', 'game', 7, 'Діти натискають потрібні деталі та складають блоки. Потім повторюють логіку на WeDo / Spike.', '{"mode": "robotAssembly", "hero": "🧩", "instruction": "Збери правильні деталі й склади програму запуску робота.", "project": "Робо-супутник", "requiredParts": ["hub", "motor", "light"], "requiredProgram": ["start", "light_on", "motor_on", "wait", "motor_off"], "parts": [{"id": "hub", "emoji": "🧠", "title": "SmartHub"}, {"id": "motor", "emoji": "⚙️", "title": "Мотор"}, {"id": "sensor", "emoji": "📡", "title": "Датчик"}, {"id": "light", "emoji": "💡", "title": "Світло"}, {"id": "wheel", "emoji": "🛞", "title": "Колесо"}, {"id": "gear", "emoji": "⚙️", "title": "Шестерня"}], "blocks": [{"id": "start", "emoji": "▶️", "title": "старт"}, {"id": "motor_on", "emoji": "⚙️", "title": "мотор"}, {"id": "wait", "emoji": "⏳", "title": "чекати"}, {"id": "light_on", "emoji": "💡", "title": "світло"}, {"id": "motor_off", "emoji": "🛑", "title": "стоп"}], "points": 18}'::jsonb),
('10000000-0000-4000-8000-000000000001', 11, 'Зразок із кратера · місія 11', 'game', 7, 'Після симуляції перенести маршрут на підлогу/стіл і запустити реального робота.', '{"mode": "robotRoute", "hero": "🤖", "instruction": "Склади маршрут робота: рух, повороти, захват і ремонт. Запусти симуляцію.", "robotIcon": "🤖", "robotName": "Robo-WeDo / Spike", "kit": "WeDo 2.0 + Spike Prime", "storyTitle": "Зразок із кратера", "story": "У RoboCity сталася поломка. Робот має пройти поле, виконати дію й доїхати до прапорця.", "objectives": ["обійти перешкоди", "виконати дію", "фініш на прапорці"], "grid": {"rows": 5, "cols": 7, "start": [4, 0], "dir": "E", "goal": [4, 6], "obstacles": [[3, 2], [4, 2], [1, 4], [2, 4]], "items": [{"id": "sample", "pos": [0, 3], "emoji": "🧪"}], "repairs": []}, "commands": [{"id": "forward", "emoji": "⬆️", "title": "вперед"}, {"id": "left", "emoji": "↩️", "title": "ліворуч"}, {"id": "right", "emoji": "↪️", "title": "праворуч"}, {"id": "pickup", "emoji": "🦾", "title": "взяти"}, {"id": "repair", "emoji": "🔧", "title": "ремонт"}], "maxCommands": 19, "points": 15}'::jsonb),
('10000000-0000-4000-8000-000000000001', 12, 'Ключ від воріт · місія 12', 'game', 7, 'Після симуляції перенести маршрут на підлогу/стіл і запустити реального робота.', '{"mode": "robotRoute", "hero": "🤖", "instruction": "Склади маршрут робота: рух, повороти, захват і ремонт. Запусти симуляцію.", "robotIcon": "🤖", "robotName": "Robo-WeDo / Spike", "kit": "WeDo 2.0 + Spike Prime", "storyTitle": "Ключ від воріт", "story": "У RoboCity сталася поломка. Робот має пройти поле, виконати дію й доїхати до прапорця.", "objectives": ["обійти перешкоди", "виконати дію", "фініш на прапорці"], "grid": {"rows": 7, "cols": 7, "start": [6, 0], "dir": "E", "goal": [0, 6], "obstacles": [[5, 1], [4, 1], [3, 1], [3, 2], [3, 3], [2, 5], [1, 5]], "items": [{"id": "key", "pos": [6, 3], "emoji": "🗝️"}], "repairs": [{"id": "gate", "pos": [0, 5], "emoji": "🚧"}]}, "commands": [{"id": "forward", "emoji": "⬆️", "title": "вперед"}, {"id": "left", "emoji": "↩️", "title": "ліворуч"}, {"id": "right", "emoji": "↪️", "title": "праворуч"}, {"id": "pickup", "emoji": "🦾", "title": "взяти"}, {"id": "repair", "emoji": "🔧", "title": "ремонт"}], "maxCommands": 20, "points": 15}'::jsonb),
('10000000-0000-4000-8000-000000000001', 13, 'Пробудження ровера · місія 13', 'game', 7, 'Після симуляції перенести маршрут на підлогу/стіл і запустити реального робота.', '{"mode": "robotRoute", "hero": "🤖", "instruction": "Склади маршрут робота: рух, повороти, захват і ремонт. Запусти симуляцію.", "robotIcon": "🤖", "robotName": "Robo-WeDo / Spike", "kit": "WeDo 2.0 + Spike Prime", "storyTitle": "Пробудження ровера", "story": "У RoboCity сталася поломка. Робот має пройти поле, виконати дію й доїхати до прапорця.", "objectives": ["обійти перешкоди", "виконати дію", "фініш на прапорці"], "grid": {"rows": 5, "cols": 6, "start": [4, 0], "dir": "E", "goal": [0, 5], "obstacles": [[3, 1], [3, 2], [2, 2], [1, 3]], "items": [{"id": "battery", "pos": [4, 3], "emoji": "🔋"}], "repairs": [{"id": "antenna", "pos": [0, 4], "emoji": "📡"}]}, "commands": [{"id": "forward", "emoji": "⬆️", "title": "вперед"}, {"id": "left", "emoji": "↩️", "title": "ліворуч"}, {"id": "right", "emoji": "↪️", "title": "праворуч"}, {"id": "pickup", "emoji": "🦾", "title": "взяти"}, {"id": "repair", "emoji": "🔧", "title": "ремонт"}], "maxCommands": 21, "points": 15}'::jsonb),
('10000000-0000-4000-8000-000000000001', 14, 'Сортування деталей робота 14', 'game', 6, 'Попросити дітей називати реальні деталі LEGO, які вони бачили в наборі.', '{"mode": "desktopDrag", "hero": "🔩", "instruction": "Розклади деталі: що є електронікою, що механікою, а що інструментом.", "windowTitle": "Склад RoboLab", "pointsPerCard": 4, "categories": [{"id": "electronics", "emoji": "🧠", "title": "Електроніка"}, {"id": "mechanics", "emoji": "⚙️", "title": "Механіка"}, {"id": "tools", "emoji": "🔧", "title": "Інструменти"}, {"id": "field", "emoji": "🗺️", "title": "Поле місії"}], "cards": [{"id": "hub", "emoji": "🧠", "title": "SmartHub", "category": "electronics"}, {"id": "sensor", "emoji": "📡", "title": "Датчик", "category": "electronics"}, {"id": "gear", "emoji": "⚙️", "title": "Шестерня", "category": "mechanics"}, {"id": "wrench", "emoji": "🔧", "title": "Ключ ремонту", "category": "tools"}]}'::jsonb),
('10000000-0000-4000-8000-000000000001', 15, 'Збери робота-помічника 15', 'game', 7, 'Діти натискають потрібні деталі та складають блоки. Потім повторюють логіку на WeDo / Spike.', '{"mode": "robotAssembly", "hero": "🧩", "instruction": "Збери правильні деталі й склади програму запуску робота.", "project": "Розумний шлагбаум", "requiredParts": ["hub", "motor", "sensor"], "requiredProgram": ["start", "motor_on", "wait", "motor_off"], "parts": [{"id": "hub", "emoji": "🧠", "title": "SmartHub"}, {"id": "motor", "emoji": "⚙️", "title": "Мотор"}, {"id": "sensor", "emoji": "📡", "title": "Датчик"}, {"id": "light", "emoji": "💡", "title": "Світло"}, {"id": "wheel", "emoji": "🛞", "title": "Колесо"}, {"id": "gear", "emoji": "⚙️", "title": "Шестерня"}], "blocks": [{"id": "start", "emoji": "▶️", "title": "старт"}, {"id": "motor_on", "emoji": "⚙️", "title": "мотор"}, {"id": "wait", "emoji": "⏳", "title": "чекати"}, {"id": "light_on", "emoji": "💡", "title": "світло"}, {"id": "motor_off", "emoji": "🛑", "title": "стоп"}], "points": 18}'::jsonb),
('10000000-0000-4000-8000-000000000001', 16, 'Антена зв’язку · місія 16', 'game', 7, 'Після симуляції перенести маршрут на підлогу/стіл і запустити реального робота.', '{"mode": "robotRoute", "hero": "🤖", "instruction": "Склади маршрут робота: рух, повороти, захват і ремонт. Запусти симуляцію.", "robotIcon": "🤖", "robotName": "Robo-WeDo / Spike", "kit": "WeDo 2.0 + Spike Prime", "storyTitle": "Антена зв’язку", "story": "У RoboCity сталася поломка. Робот має пройти поле, виконати дію й доїхати до прапорця.", "objectives": ["обійти перешкоди", "виконати дію", "фініш на прапорці"], "grid": {"rows": 6, "cols": 6, "start": [5, 5], "dir": "W", "goal": [0, 0], "obstacles": [[4, 4], [3, 4], [3, 3], [2, 3], [1, 2]], "items": [{"id": "box", "pos": [5, 2], "emoji": "📦"}], "repairs": [{"id": "panel", "pos": [1, 0], "emoji": "🔧"}]}, "commands": [{"id": "forward", "emoji": "⬆️", "title": "вперед"}, {"id": "left", "emoji": "↩️", "title": "ліворуч"}, {"id": "right", "emoji": "↪️", "title": "праворуч"}, {"id": "pickup", "emoji": "🦾", "title": "взяти"}, {"id": "repair", "emoji": "🔧", "title": "ремонт"}], "maxCommands": 19, "points": 15}'::jsonb),
('10000000-0000-4000-8000-000000000001', 17, 'Зразок із кратера · місія 17', 'game', 7, 'Після симуляції перенести маршрут на підлогу/стіл і запустити реального робота.', '{"mode": "robotRoute", "hero": "🤖", "instruction": "Склади маршрут робота: рух, повороти, захват і ремонт. Запусти симуляцію.", "robotIcon": "🤖", "robotName": "Robo-WeDo / Spike", "kit": "WeDo 2.0 + Spike Prime", "storyTitle": "Зразок із кратера", "story": "У RoboCity сталася поломка. Робот має пройти поле, виконати дію й доїхати до прапорця.", "objectives": ["обійти перешкоди", "виконати дію", "фініш на прапорці"], "grid": {"rows": 5, "cols": 7, "start": [4, 0], "dir": "E", "goal": [4, 6], "obstacles": [[3, 2], [4, 2], [1, 4], [2, 4]], "items": [{"id": "sample", "pos": [0, 3], "emoji": "🧪"}], "repairs": []}, "commands": [{"id": "forward", "emoji": "⬆️", "title": "вперед"}, {"id": "left", "emoji": "↩️", "title": "ліворуч"}, {"id": "right", "emoji": "↪️", "title": "праворуч"}, {"id": "pickup", "emoji": "🦾", "title": "взяти"}, {"id": "repair", "emoji": "🔧", "title": "ремонт"}], "maxCommands": 20, "points": 15}'::jsonb),
('10000000-0000-4000-8000-000000000001', 18, 'Міні-тест робототехніка 18', 'game', 6, 'Швидкий тест після кількох місій, без довгого пояснення.', '{"mode": "quizBattle", "hero": "❓", "instruction": "Відповідай на швидкі питання RoboLab.", "pointsPerQuestion": 4, "minCorrect": 2, "questions": [{"text": "Що дає команду роботу?", "options": [{"emoji": "🧠", "title": "Хаб / мозок", "correct": true}, {"emoji": "🪨", "title": "Камінь"}, {"emoji": "🎈", "title": "Повітря"}]}, {"text": "Що робити, якщо робот врізався?", "options": [{"emoji": "🔁", "title": "Змінити алгоритм", "correct": true}, {"emoji": "😴", "title": "Нічого"}, {"emoji": "🧨", "title": "Додати більше помилок"}]}, {"text": "Датчик потрібен, щоб…", "options": [{"emoji": "👀", "title": "Помічати події", "correct": true}, {"emoji": "🍕", "title": "Їсти піцу"}, {"emoji": "🎵", "title": "Бути прикрасою"}]}]}'::jsonb),
('10000000-0000-4000-8000-000000000001', 19, 'Пробудження ровера · місія 19', 'game', 7, 'Після симуляції перенести маршрут на підлогу/стіл і запустити реального робота.', '{"mode": "robotRoute", "hero": "🤖", "instruction": "Склади маршрут робота: рух, повороти, захват і ремонт. Запусти симуляцію.", "robotIcon": "🤖", "robotName": "Robo-WeDo / Spike", "kit": "WeDo 2.0 + Spike Prime", "storyTitle": "Пробудження ровера", "story": "У RoboCity сталася поломка. Робот має пройти поле, виконати дію й доїхати до прапорця.", "objectives": ["обійти перешкоди", "виконати дію", "фініш на прапорці"], "grid": {"rows": 5, "cols": 6, "start": [4, 0], "dir": "E", "goal": [0, 5], "obstacles": [[3, 1], [3, 2], [2, 2], [1, 3]], "items": [{"id": "battery", "pos": [4, 3], "emoji": "🔋"}], "repairs": [{"id": "antenna", "pos": [0, 4], "emoji": "📡"}]}, "commands": [{"id": "forward", "emoji": "⬆️", "title": "вперед"}, {"id": "left", "emoji": "↩️", "title": "ліворуч"}, {"id": "right", "emoji": "↪️", "title": "праворуч"}, {"id": "pickup", "emoji": "🦾", "title": "взяти"}, {"id": "repair", "emoji": "🔧", "title": "ремонт"}], "maxCommands": 22, "points": 15}'::jsonb),
('10000000-0000-4000-8000-000000000001', 20, 'Збери робота-помічника 20', 'game', 7, 'Діти натискають потрібні деталі та складають блоки. Потім повторюють логіку на WeDo / Spike.', '{"mode": "robotAssembly", "hero": "🧩", "instruction": "Збери правильні деталі й склади програму запуску робота.", "project": "Марсохід-рятувальник", "requiredParts": ["hub", "motor", "light"], "requiredProgram": ["start", "light_on", "motor_on", "wait", "motor_off"], "parts": [{"id": "hub", "emoji": "🧠", "title": "SmartHub"}, {"id": "motor", "emoji": "⚙️", "title": "Мотор"}, {"id": "sensor", "emoji": "📡", "title": "Датчик"}, {"id": "light", "emoji": "💡", "title": "Світло"}, {"id": "wheel", "emoji": "🛞", "title": "Колесо"}, {"id": "gear", "emoji": "⚙️", "title": "Шестерня"}], "blocks": [{"id": "start", "emoji": "▶️", "title": "старт"}, {"id": "motor_on", "emoji": "⚙️", "title": "мотор"}, {"id": "wait", "emoji": "⏳", "title": "чекати"}, {"id": "light_on", "emoji": "💡", "title": "світло"}, {"id": "motor_off", "emoji": "🛑", "title": "стоп"}], "points": 18}'::jsonb),
('10000000-0000-4000-8000-000000000001', 21, 'Сортування деталей робота 21', 'game', 6, 'Попросити дітей називати реальні деталі LEGO, які вони бачили в наборі.', '{"mode": "desktopDrag", "hero": "🔩", "instruction": "Розклади деталі: що є електронікою, що механікою, а що інструментом.", "windowTitle": "Склад RoboLab", "pointsPerCard": 4, "categories": [{"id": "electronics", "emoji": "🧠", "title": "Електроніка"}, {"id": "mechanics", "emoji": "⚙️", "title": "Механіка"}, {"id": "tools", "emoji": "🔧", "title": "Інструменти"}, {"id": "field", "emoji": "🗺️", "title": "Поле місії"}], "cards": [{"id": "hub", "emoji": "🧠", "title": "SmartHub", "category": "electronics"}, {"id": "sensor", "emoji": "📡", "title": "Датчик", "category": "electronics"}, {"id": "gear", "emoji": "⚙️", "title": "Шестерня", "category": "mechanics"}, {"id": "wrench", "emoji": "🔧", "title": "Ключ ремонту", "category": "tools"}]}'::jsonb),
('10000000-0000-4000-8000-000000000001', 22, 'Антена зв’язку · місія 22', 'game', 7, 'Після симуляції перенести маршрут на підлогу/стіл і запустити реального робота.', '{"mode": "robotRoute", "hero": "🤖", "instruction": "Склади маршрут робота: рух, повороти, захват і ремонт. Запусти симуляцію.", "robotIcon": "🤖", "robotName": "Robo-WeDo / Spike", "kit": "WeDo 2.0 + Spike Prime", "storyTitle": "Антена зв’язку", "story": "У RoboCity сталася поломка. Робот має пройти поле, виконати дію й доїхати до прапорця.", "objectives": ["обійти перешкоди", "виконати дію", "фініш на прапорці"], "grid": {"rows": 6, "cols": 6, "start": [5, 5], "dir": "W", "goal": [0, 0], "obstacles": [[4, 4], [3, 4], [3, 3], [2, 3], [1, 2]], "items": [{"id": "box", "pos": [5, 2], "emoji": "📦"}], "repairs": [{"id": "panel", "pos": [1, 0], "emoji": "🔧"}]}, "commands": [{"id": "forward", "emoji": "⬆️", "title": "вперед"}, {"id": "left", "emoji": "↩️", "title": "ліворуч"}, {"id": "right", "emoji": "↪️", "title": "праворуч"}, {"id": "pickup", "emoji": "🦾", "title": "взяти"}, {"id": "repair", "emoji": "🔧", "title": "ремонт"}], "maxCommands": 20, "points": 15}'::jsonb),
('10000000-0000-4000-8000-000000000001', 23, 'Зразок із кратера · місія 23', 'game', 7, 'Після симуляції перенести маршрут на підлогу/стіл і запустити реального робота.', '{"mode": "robotRoute", "hero": "🤖", "instruction": "Склади маршрут робота: рух, повороти, захват і ремонт. Запусти симуляцію.", "robotIcon": "🤖", "robotName": "Robo-WeDo / Spike", "kit": "WeDo 2.0 + Spike Prime", "storyTitle": "Зразок із кратера", "story": "У RoboCity сталася поломка. Робот має пройти поле, виконати дію й доїхати до прапорця.", "objectives": ["обійти перешкоди", "виконати дію", "фініш на прапорці"], "grid": {"rows": 5, "cols": 7, "start": [4, 0], "dir": "E", "goal": [4, 6], "obstacles": [[3, 2], [4, 2], [1, 4], [2, 4]], "items": [{"id": "sample", "pos": [0, 3], "emoji": "🧪"}], "repairs": []}, "commands": [{"id": "forward", "emoji": "⬆️", "title": "вперед"}, {"id": "left", "emoji": "↩️", "title": "ліворуч"}, {"id": "right", "emoji": "↪️", "title": "праворуч"}, {"id": "pickup", "emoji": "🦾", "title": "взяти"}, {"id": "repair", "emoji": "🔧", "title": "ремонт"}], "maxCommands": 21, "points": 15}'::jsonb),
('10000000-0000-4000-8000-000000000001', 24, 'Ключ від воріт · місія 24', 'game', 7, 'Після симуляції перенести маршрут на підлогу/стіл і запустити реального робота.', '{"mode": "robotRoute", "hero": "🤖", "instruction": "Склади маршрут робота: рух, повороти, захват і ремонт. Запусти симуляцію.", "robotIcon": "🤖", "robotName": "Robo-WeDo / Spike", "kit": "WeDo 2.0 + Spike Prime", "storyTitle": "Ключ від воріт", "story": "У RoboCity сталася поломка. Робот має пройти поле, виконати дію й доїхати до прапорця.", "objectives": ["обійти перешкоди", "виконати дію", "фініш на прапорці"], "grid": {"rows": 7, "cols": 7, "start": [6, 0], "dir": "E", "goal": [0, 6], "obstacles": [[5, 1], [4, 1], [3, 1], [3, 2], [3, 3], [2, 5], [1, 5]], "items": [{"id": "key", "pos": [6, 3], "emoji": "🗝️"}], "repairs": [{"id": "gate", "pos": [0, 5], "emoji": "🚧"}]}, "commands": [{"id": "forward", "emoji": "⬆️", "title": "вперед"}, {"id": "left", "emoji": "↩️", "title": "ліворуч"}, {"id": "right", "emoji": "↪️", "title": "праворуч"}, {"id": "pickup", "emoji": "🦾", "title": "взяти"}, {"id": "repair", "emoji": "🔧", "title": "ремонт"}], "maxCommands": 22, "points": 15}'::jsonb),
('10000000-0000-4000-8000-000000000001', 25, 'Збери робота-помічника 25', 'game', 7, 'Діти натискають потрібні деталі та складають блоки. Потім повторюють логіку на WeDo / Spike.', '{"mode": "robotAssembly", "hero": "🧩", "instruction": "Збери правильні деталі й склади програму запуску робота.", "project": "Робо-супутник", "requiredParts": ["hub", "motor", "sensor"], "requiredProgram": ["start", "motor_on", "wait", "motor_off"], "parts": [{"id": "hub", "emoji": "🧠", "title": "SmartHub"}, {"id": "motor", "emoji": "⚙️", "title": "Мотор"}, {"id": "sensor", "emoji": "📡", "title": "Датчик"}, {"id": "light", "emoji": "💡", "title": "Світло"}, {"id": "wheel", "emoji": "🛞", "title": "Колесо"}, {"id": "gear", "emoji": "⚙️", "title": "Шестерня"}], "blocks": [{"id": "start", "emoji": "▶️", "title": "старт"}, {"id": "motor_on", "emoji": "⚙️", "title": "мотор"}, {"id": "wait", "emoji": "⏳", "title": "чекати"}, {"id": "light_on", "emoji": "💡", "title": "світло"}, {"id": "motor_off", "emoji": "🛑", "title": "стоп"}], "points": 18}'::jsonb),
('10000000-0000-4000-8000-000000000001', 26, 'Вантаж для бази · місія 26', 'game', 7, 'Після симуляції перенести маршрут на підлогу/стіл і запустити реального робота.', '{"mode": "robotRoute", "hero": "🤖", "instruction": "Склади маршрут робота: рух, повороти, захват і ремонт. Запусти симуляцію.", "robotIcon": "🤖", "robotName": "Robo-WeDo / Spike", "kit": "WeDo 2.0 + Spike Prime", "storyTitle": "Вантаж для бази", "story": "У RoboCity сталася поломка. Робот має пройти поле, виконати дію й доїхати до прапорця.", "objectives": ["обійти перешкоди", "виконати дію", "фініш на прапорці"], "grid": {"rows": 5, "cols": 6, "start": [2, 0], "dir": "E", "goal": [2, 5], "obstacles": [[1, 2], [2, 2], [3, 2]], "items": [{"id": "gear", "pos": [0, 3], "emoji": "⚙️"}], "repairs": []}, "commands": [{"id": "forward", "emoji": "⬆️", "title": "вперед"}, {"id": "left", "emoji": "↩️", "title": "ліворуч"}, {"id": "right", "emoji": "↪️", "title": "праворуч"}, {"id": "pickup", "emoji": "🦾", "title": "взяти"}, {"id": "repair", "emoji": "🔧", "title": "ремонт"}], "maxCommands": 19, "points": 15}'::jsonb),
('10000000-0000-4000-8000-000000000001', 27, 'Міні-тест робототехніка 27', 'game', 6, 'Швидкий тест після кількох місій, без довгого пояснення.', '{"mode": "quizBattle", "hero": "❓", "instruction": "Відповідай на швидкі питання RoboLab.", "pointsPerQuestion": 4, "minCorrect": 2, "questions": [{"text": "Що дає команду роботу?", "options": [{"emoji": "🧠", "title": "Хаб / мозок", "correct": true}, {"emoji": "🪨", "title": "Камінь"}, {"emoji": "🎈", "title": "Повітря"}]}, {"text": "Що робити, якщо робот врізався?", "options": [{"emoji": "🔁", "title": "Змінити алгоритм", "correct": true}, {"emoji": "😴", "title": "Нічого"}, {"emoji": "🧨", "title": "Додати більше помилок"}]}, {"text": "Датчик потрібен, щоб…", "options": [{"emoji": "👀", "title": "Помічати події", "correct": true}, {"emoji": "🍕", "title": "Їсти піцу"}, {"emoji": "🎵", "title": "Бути прикрасою"}]}]}'::jsonb),
('10000000-0000-4000-8000-000000000001', 28, 'Сортування деталей робота 28', 'game', 6, 'Попросити дітей називати реальні деталі LEGO, які вони бачили в наборі.', '{"mode": "desktopDrag", "hero": "🔩", "instruction": "Розклади деталі: що є електронікою, що механікою, а що інструментом.", "windowTitle": "Склад RoboLab", "pointsPerCard": 4, "categories": [{"id": "electronics", "emoji": "🧠", "title": "Електроніка"}, {"id": "mechanics", "emoji": "⚙️", "title": "Механіка"}, {"id": "tools", "emoji": "🔧", "title": "Інструменти"}, {"id": "field", "emoji": "🗺️", "title": "Поле місії"}], "cards": [{"id": "hub", "emoji": "🧠", "title": "SmartHub", "category": "electronics"}, {"id": "sensor", "emoji": "📡", "title": "Датчик", "category": "electronics"}, {"id": "gear", "emoji": "⚙️", "title": "Шестерня", "category": "mechanics"}, {"id": "wrench", "emoji": "🔧", "title": "Ключ ремонту", "category": "tools"}]}'::jsonb),
('10000000-0000-4000-8000-000000000001', 29, 'Зразок із кратера · місія 29', 'game', 7, 'Після симуляції перенести маршрут на підлогу/стіл і запустити реального робота.', '{"mode": "robotRoute", "hero": "🤖", "instruction": "Склади маршрут робота: рух, повороти, захват і ремонт. Запусти симуляцію.", "robotIcon": "🤖", "robotName": "Robo-WeDo / Spike", "kit": "WeDo 2.0 + Spike Prime", "storyTitle": "Зразок із кратера", "story": "У RoboCity сталася поломка. Робот має пройти поле, виконати дію й доїхати до прапорця.", "objectives": ["обійти перешкоди", "виконати дію", "фініш на прапорці"], "grid": {"rows": 5, "cols": 7, "start": [4, 0], "dir": "E", "goal": [4, 6], "obstacles": [[3, 2], [4, 2], [1, 4], [2, 4]], "items": [{"id": "sample", "pos": [0, 3], "emoji": "🧪"}], "repairs": []}, "commands": [{"id": "forward", "emoji": "⬆️", "title": "вперед"}, {"id": "left", "emoji": "↩️", "title": "ліворуч"}, {"id": "right", "emoji": "↪️", "title": "праворуч"}, {"id": "pickup", "emoji": "🦾", "title": "взяти"}, {"id": "repair", "emoji": "🔧", "title": "ремонт"}], "maxCommands": 22, "points": 15}'::jsonb),
('10000000-0000-4000-8000-000000000001', 30, 'Збери робота-помічника 30', 'game', 7, 'Діти натискають потрібні деталі та складають блоки. Потім повторюють логіку на WeDo / Spike.', '{"mode": "robotAssembly", "hero": "🧩", "instruction": "Збери правильні деталі й склади програму запуску робота.", "project": "Розумний шлагбаум", "requiredParts": ["hub", "motor", "light"], "requiredProgram": ["start", "light_on", "motor_on", "wait", "motor_off"], "parts": [{"id": "hub", "emoji": "🧠", "title": "SmartHub"}, {"id": "motor", "emoji": "⚙️", "title": "Мотор"}, {"id": "sensor", "emoji": "📡", "title": "Датчик"}, {"id": "light", "emoji": "💡", "title": "Світло"}, {"id": "wheel", "emoji": "🛞", "title": "Колесо"}, {"id": "gear", "emoji": "⚙️", "title": "Шестерня"}], "blocks": [{"id": "start", "emoji": "▶️", "title": "старт"}, {"id": "motor_on", "emoji": "⚙️", "title": "мотор"}, {"id": "wait", "emoji": "⏳", "title": "чекати"}, {"id": "light_on", "emoji": "💡", "title": "світло"}, {"id": "motor_off", "emoji": "🛑", "title": "стоп"}], "points": 18}'::jsonb),
('10000000-0000-4000-8000-000000000001', 31, 'Пробудження ровера · місія 31', 'game', 7, 'Після симуляції перенести маршрут на підлогу/стіл і запустити реального робота.', '{"mode": "robotRoute", "hero": "🤖", "instruction": "Склади маршрут робота: рух, повороти, захват і ремонт. Запусти симуляцію.", "robotIcon": "🤖", "robotName": "Robo-WeDo / Spike", "kit": "WeDo 2.0 + Spike Prime", "storyTitle": "Пробудження ровера", "story": "У RoboCity сталася поломка. Робот має пройти поле, виконати дію й доїхати до прапорця.", "objectives": ["обійти перешкоди", "виконати дію", "фініш на прапорці"], "grid": {"rows": 5, "cols": 6, "start": [4, 0], "dir": "E", "goal": [0, 5], "obstacles": [[3, 1], [3, 2], [2, 2], [1, 3]], "items": [{"id": "battery", "pos": [4, 3], "emoji": "🔋"}], "repairs": [{"id": "antenna", "pos": [0, 4], "emoji": "📡"}]}, "commands": [{"id": "forward", "emoji": "⬆️", "title": "вперед"}, {"id": "left", "emoji": "↩️", "title": "ліворуч"}, {"id": "right", "emoji": "↪️", "title": "праворуч"}, {"id": "pickup", "emoji": "🦾", "title": "взяти"}, {"id": "repair", "emoji": "🔧", "title": "ремонт"}], "maxCommands": 19, "points": 15}'::jsonb),
('10000000-0000-4000-8000-000000000001', 32, 'Вантаж для бази · місія 32', 'game', 7, 'Після симуляції перенести маршрут на підлогу/стіл і запустити реального робота.', '{"mode": "robotRoute", "hero": "🤖", "instruction": "Склади маршрут робота: рух, повороти, захват і ремонт. Запусти симуляцію.", "robotIcon": "🤖", "robotName": "Robo-WeDo / Spike", "kit": "WeDo 2.0 + Spike Prime", "storyTitle": "Вантаж для бази", "story": "У RoboCity сталася поломка. Робот має пройти поле, виконати дію й доїхати до прапорця.", "objectives": ["обійти перешкоди", "виконати дію", "фініш на прапорці"], "grid": {"rows": 5, "cols": 6, "start": [2, 0], "dir": "E", "goal": [2, 5], "obstacles": [[1, 2], [2, 2], [3, 2]], "items": [{"id": "gear", "pos": [0, 3], "emoji": "⚙️"}], "repairs": []}, "commands": [{"id": "forward", "emoji": "⬆️", "title": "вперед"}, {"id": "left", "emoji": "↩️", "title": "ліворуч"}, {"id": "right", "emoji": "↪️", "title": "праворуч"}, {"id": "pickup", "emoji": "🦾", "title": "взяти"}, {"id": "repair", "emoji": "🔧", "title": "ремонт"}], "maxCommands": 20, "points": 15}'::jsonb),
('10000000-0000-4000-8000-000000000001', 33, 'Ремонт моста · місія 33', 'game', 7, 'Після симуляції перенести маршрут на підлогу/стіл і запустити реального робота.', '{"mode": "robotRoute", "hero": "🤖", "instruction": "Склади маршрут робота: рух, повороти, захват і ремонт. Запусти симуляцію.", "robotIcon": "🤖", "robotName": "Robo-WeDo / Spike", "kit": "WeDo 2.0 + Spike Prime", "storyTitle": "Ремонт моста", "story": "У RoboCity сталася поломка. Робот має пройти поле, виконати дію й доїхати до прапорця.", "objectives": ["обійти перешкоди", "виконати дію", "фініш на прапорці"], "grid": {"rows": 6, "cols": 6, "start": [5, 0], "dir": "N", "goal": [0, 0], "obstacles": [[4, 1], [3, 1], [2, 1], [1, 1]], "items": [], "repairs": [{"id": "bridge", "pos": [2, 0], "emoji": "🌉"}]}, "commands": [{"id": "forward", "emoji": "⬆️", "title": "вперед"}, {"id": "left", "emoji": "↩️", "title": "ліворуч"}, {"id": "right", "emoji": "↪️", "title": "праворуч"}, {"id": "pickup", "emoji": "🦾", "title": "взяти"}, {"id": "repair", "emoji": "🔧", "title": "ремонт"}], "maxCommands": 21, "points": 15}'::jsonb),
('10000000-0000-4000-8000-000000000001', 34, 'Антена зв’язку · місія 34', 'game', 7, 'Після симуляції перенести маршрут на підлогу/стіл і запустити реального робота.', '{"mode": "robotRoute", "hero": "🤖", "instruction": "Склади маршрут робота: рух, повороти, захват і ремонт. Запусти симуляцію.", "robotIcon": "🤖", "robotName": "Robo-WeDo / Spike", "kit": "WeDo 2.0 + Spike Prime", "storyTitle": "Антена зв’язку", "story": "У RoboCity сталася поломка. Робот має пройти поле, виконати дію й доїхати до прапорця.", "objectives": ["обійти перешкоди", "виконати дію", "фініш на прапорці"], "grid": {"rows": 6, "cols": 6, "start": [5, 5], "dir": "W", "goal": [0, 0], "obstacles": [[4, 4], [3, 4], [3, 3], [2, 3], [1, 2]], "items": [{"id": "box", "pos": [5, 2], "emoji": "📦"}], "repairs": [{"id": "panel", "pos": [1, 0], "emoji": "🔧"}]}, "commands": [{"id": "forward", "emoji": "⬆️", "title": "вперед"}, {"id": "left", "emoji": "↩️", "title": "ліворуч"}, {"id": "right", "emoji": "↪️", "title": "праворуч"}, {"id": "pickup", "emoji": "🦾", "title": "взяти"}, {"id": "repair", "emoji": "🔧", "title": "ремонт"}], "maxCommands": 22, "points": 15}'::jsonb),
('10000000-0000-4000-8000-000000000001', 35, 'Збери робота-помічника 35', 'game', 7, 'Діти натискають потрібні деталі та складають блоки. Потім повторюють логіку на WeDo / Spike.', '{"mode": "robotAssembly", "hero": "🧩", "instruction": "Збери правильні деталі й склади програму запуску робота.", "project": "Марсохід-рятувальник", "requiredParts": ["hub", "motor", "sensor"], "requiredProgram": ["start", "motor_on", "wait", "motor_off"], "parts": [{"id": "hub", "emoji": "🧠", "title": "SmartHub"}, {"id": "motor", "emoji": "⚙️", "title": "Мотор"}, {"id": "sensor", "emoji": "📡", "title": "Датчик"}, {"id": "light", "emoji": "💡", "title": "Світло"}, {"id": "wheel", "emoji": "🛞", "title": "Колесо"}, {"id": "gear", "emoji": "⚙️", "title": "Шестерня"}], "blocks": [{"id": "start", "emoji": "▶️", "title": "старт"}, {"id": "motor_on", "emoji": "⚙️", "title": "мотор"}, {"id": "wait", "emoji": "⏳", "title": "чекати"}, {"id": "light_on", "emoji": "💡", "title": "світло"}, {"id": "motor_off", "emoji": "🛑", "title": "стоп"}], "points": 18}'::jsonb),
('10000000-0000-4000-8000-000000000001', 36, 'Міні-тест робототехніка 36', 'game', 6, 'Швидкий тест після кількох місій, без довгого пояснення.', '{"mode": "quizBattle", "hero": "❓", "instruction": "Відповідай на швидкі питання RoboLab.", "pointsPerQuestion": 4, "minCorrect": 2, "questions": [{"text": "Що дає команду роботу?", "options": [{"emoji": "🧠", "title": "Хаб / мозок", "correct": true}, {"emoji": "🪨", "title": "Камінь"}, {"emoji": "🎈", "title": "Повітря"}]}, {"text": "Що робити, якщо робот врізався?", "options": [{"emoji": "🔁", "title": "Змінити алгоритм", "correct": true}, {"emoji": "😴", "title": "Нічого"}, {"emoji": "🧨", "title": "Додати більше помилок"}]}, {"text": "Датчик потрібен, щоб…", "options": [{"emoji": "👀", "title": "Помічати події", "correct": true}, {"emoji": "🍕", "title": "Їсти піцу"}, {"emoji": "🎵", "title": "Бути прикрасою"}]}]}'::jsonb),
('10000000-0000-4000-8000-000000000001', 37, 'Пробудження ровера · місія 37', 'game', 7, 'Після симуляції перенести маршрут на підлогу/стіл і запустити реального робота.', '{"mode": "robotRoute", "hero": "🤖", "instruction": "Склади маршрут робота: рух, повороти, захват і ремонт. Запусти симуляцію.", "robotIcon": "🤖", "robotName": "Robo-WeDo / Spike", "kit": "WeDo 2.0 + Spike Prime", "storyTitle": "Пробудження ровера", "story": "У RoboCity сталася поломка. Робот має пройти поле, виконати дію й доїхати до прапорця.", "objectives": ["обійти перешкоди", "виконати дію", "фініш на прапорці"], "grid": {"rows": 5, "cols": 6, "start": [4, 0], "dir": "E", "goal": [0, 5], "obstacles": [[3, 1], [3, 2], [2, 2], [1, 3]], "items": [{"id": "battery", "pos": [4, 3], "emoji": "🔋"}], "repairs": [{"id": "antenna", "pos": [0, 4], "emoji": "📡"}]}, "commands": [{"id": "forward", "emoji": "⬆️", "title": "вперед"}, {"id": "left", "emoji": "↩️", "title": "ліворуч"}, {"id": "right", "emoji": "↪️", "title": "праворуч"}, {"id": "pickup", "emoji": "🦾", "title": "взяти"}, {"id": "repair", "emoji": "🔧", "title": "ремонт"}], "maxCommands": 20, "points": 15}'::jsonb),
('10000000-0000-4000-8000-000000000001', 38, 'Вантаж для бази · місія 38', 'game', 7, 'Після симуляції перенести маршрут на підлогу/стіл і запустити реального робота.', '{"mode": "robotRoute", "hero": "🤖", "instruction": "Склади маршрут робота: рух, повороти, захват і ремонт. Запусти симуляцію.", "robotIcon": "🤖", "robotName": "Robo-WeDo / Spike", "kit": "WeDo 2.0 + Spike Prime", "storyTitle": "Вантаж для бази", "story": "У RoboCity сталася поломка. Робот має пройти поле, виконати дію й доїхати до прапорця.", "objectives": ["обійти перешкоди", "виконати дію", "фініш на прапорці"], "grid": {"rows": 5, "cols": 6, "start": [2, 0], "dir": "E", "goal": [2, 5], "obstacles": [[1, 2], [2, 2], [3, 2]], "items": [{"id": "gear", "pos": [0, 3], "emoji": "⚙️"}], "repairs": []}, "commands": [{"id": "forward", "emoji": "⬆️", "title": "вперед"}, {"id": "left", "emoji": "↩️", "title": "ліворуч"}, {"id": "right", "emoji": "↪️", "title": "праворуч"}, {"id": "pickup", "emoji": "🦾", "title": "взяти"}, {"id": "repair", "emoji": "🔧", "title": "ремонт"}], "maxCommands": 21, "points": 15}'::jsonb),
('10000000-0000-4000-8000-000000000001', 39, 'Ремонт моста · місія 39', 'game', 7, 'Після симуляції перенести маршрут на підлогу/стіл і запустити реального робота.', '{"mode": "robotRoute", "hero": "🤖", "instruction": "Склади маршрут робота: рух, повороти, захват і ремонт. Запусти симуляцію.", "robotIcon": "🤖", "robotName": "Robo-WeDo / Spike", "kit": "WeDo 2.0 + Spike Prime", "storyTitle": "Ремонт моста", "story": "У RoboCity сталася поломка. Робот має пройти поле, виконати дію й доїхати до прапорця.", "objectives": ["обійти перешкоди", "виконати дію", "фініш на прапорці"], "grid": {"rows": 6, "cols": 6, "start": [5, 0], "dir": "N", "goal": [0, 0], "obstacles": [[4, 1], [3, 1], [2, 1], [1, 1]], "items": [], "repairs": [{"id": "bridge", "pos": [2, 0], "emoji": "🌉"}]}, "commands": [{"id": "forward", "emoji": "⬆️", "title": "вперед"}, {"id": "left", "emoji": "↩️", "title": "ліворуч"}, {"id": "right", "emoji": "↪️", "title": "праворуч"}, {"id": "pickup", "emoji": "🦾", "title": "взяти"}, {"id": "repair", "emoji": "🔧", "title": "ремонт"}], "maxCommands": 22, "points": 15}'::jsonb),
('10000000-0000-4000-8000-000000000001', 40, 'Збери робота-помічника 40', 'game', 7, 'Діти натискають потрібні деталі та складають блоки. Потім повторюють логіку на WeDo / Spike.', '{"mode": "robotAssembly", "hero": "🧩", "instruction": "Збери правильні деталі й склади програму запуску робота.", "project": "Робо-супутник", "requiredParts": ["hub", "motor", "light"], "requiredProgram": ["start", "light_on", "motor_on", "wait", "motor_off"], "parts": [{"id": "hub", "emoji": "🧠", "title": "SmartHub"}, {"id": "motor", "emoji": "⚙️", "title": "Мотор"}, {"id": "sensor", "emoji": "📡", "title": "Датчик"}, {"id": "light", "emoji": "💡", "title": "Світло"}, {"id": "wheel", "emoji": "🛞", "title": "Колесо"}, {"id": "gear", "emoji": "⚙️", "title": "Шестерня"}], "blocks": [{"id": "start", "emoji": "▶️", "title": "старт"}, {"id": "motor_on", "emoji": "⚙️", "title": "мотор"}, {"id": "wait", "emoji": "⏳", "title": "чекати"}, {"id": "light_on", "emoji": "💡", "title": "світло"}, {"id": "motor_off", "emoji": "🛑", "title": "стоп"}], "points": 18}'::jsonb),
('10000000-0000-4000-8000-000000000001', 41, 'Зразок із кратера · місія 41', 'game', 7, 'Після симуляції перенести маршрут на підлогу/стіл і запустити реального робота.', '{"mode": "robotRoute", "hero": "🤖", "instruction": "Склади маршрут робота: рух, повороти, захват і ремонт. Запусти симуляцію.", "robotIcon": "🤖", "robotName": "Robo-WeDo / Spike", "kit": "WeDo 2.0 + Spike Prime", "storyTitle": "Зразок із кратера", "story": "У RoboCity сталася поломка. Робот має пройти поле, виконати дію й доїхати до прапорця.", "objectives": ["обійти перешкоди", "виконати дію", "фініш на прапорці"], "grid": {"rows": 5, "cols": 7, "start": [4, 0], "dir": "E", "goal": [4, 6], "obstacles": [[3, 2], [4, 2], [1, 4], [2, 4]], "items": [{"id": "sample", "pos": [0, 3], "emoji": "🧪"}], "repairs": []}, "commands": [{"id": "forward", "emoji": "⬆️", "title": "вперед"}, {"id": "left", "emoji": "↩️", "title": "ліворуч"}, {"id": "right", "emoji": "↪️", "title": "праворуч"}, {"id": "pickup", "emoji": "🦾", "title": "взяти"}, {"id": "repair", "emoji": "🔧", "title": "ремонт"}], "maxCommands": 19, "points": 15}'::jsonb),
('10000000-0000-4000-8000-000000000001', 42, 'Сортування деталей робота 42', 'game', 6, 'Попросити дітей називати реальні деталі LEGO, які вони бачили в наборі.', '{"mode": "desktopDrag", "hero": "🔩", "instruction": "Розклади деталі: що є електронікою, що механікою, а що інструментом.", "windowTitle": "Склад RoboLab", "pointsPerCard": 4, "categories": [{"id": "electronics", "emoji": "🧠", "title": "Електроніка"}, {"id": "mechanics", "emoji": "⚙️", "title": "Механіка"}, {"id": "tools", "emoji": "🔧", "title": "Інструменти"}, {"id": "field", "emoji": "🗺️", "title": "Поле місії"}], "cards": [{"id": "hub", "emoji": "🧠", "title": "SmartHub", "category": "electronics"}, {"id": "sensor", "emoji": "📡", "title": "Датчик", "category": "electronics"}, {"id": "gear", "emoji": "⚙️", "title": "Шестерня", "category": "mechanics"}, {"id": "wrench", "emoji": "🔧", "title": "Ключ ремонту", "category": "tools"}]}'::jsonb),
('10000000-0000-4000-8000-000000000001', 43, 'Пробудження ровера · місія 43', 'game', 7, 'Після симуляції перенести маршрут на підлогу/стіл і запустити реального робота.', '{"mode": "robotRoute", "hero": "🤖", "instruction": "Склади маршрут робота: рух, повороти, захват і ремонт. Запусти симуляцію.", "robotIcon": "🤖", "robotName": "Robo-WeDo / Spike", "kit": "WeDo 2.0 + Spike Prime", "storyTitle": "Пробудження ровера", "story": "У RoboCity сталася поломка. Робот має пройти поле, виконати дію й доїхати до прапорця.", "objectives": ["обійти перешкоди", "виконати дію", "фініш на прапорці"], "grid": {"rows": 5, "cols": 6, "start": [4, 0], "dir": "E", "goal": [0, 5], "obstacles": [[3, 1], [3, 2], [2, 2], [1, 3]], "items": [{"id": "battery", "pos": [4, 3], "emoji": "🔋"}], "repairs": [{"id": "antenna", "pos": [0, 4], "emoji": "📡"}]}, "commands": [{"id": "forward", "emoji": "⬆️", "title": "вперед"}, {"id": "left", "emoji": "↩️", "title": "ліворуч"}, {"id": "right", "emoji": "↪️", "title": "праворуч"}, {"id": "pickup", "emoji": "🦾", "title": "взяти"}, {"id": "repair", "emoji": "🔧", "title": "ремонт"}], "maxCommands": 21, "points": 15}'::jsonb),
('10000000-0000-4000-8000-000000000001', 44, 'Вантаж для бази · місія 44', 'game', 7, 'Після симуляції перенести маршрут на підлогу/стіл і запустити реального робота.', '{"mode": "robotRoute", "hero": "🤖", "instruction": "Склади маршрут робота: рух, повороти, захват і ремонт. Запусти симуляцію.", "robotIcon": "🤖", "robotName": "Robo-WeDo / Spike", "kit": "WeDo 2.0 + Spike Prime", "storyTitle": "Вантаж для бази", "story": "У RoboCity сталася поломка. Робот має пройти поле, виконати дію й доїхати до прапорця.", "objectives": ["обійти перешкоди", "виконати дію", "фініш на прапорці"], "grid": {"rows": 5, "cols": 6, "start": [2, 0], "dir": "E", "goal": [2, 5], "obstacles": [[1, 2], [2, 2], [3, 2]], "items": [{"id": "gear", "pos": [0, 3], "emoji": "⚙️"}], "repairs": []}, "commands": [{"id": "forward", "emoji": "⬆️", "title": "вперед"}, {"id": "left", "emoji": "↩️", "title": "ліворуч"}, {"id": "right", "emoji": "↪️", "title": "праворуч"}, {"id": "pickup", "emoji": "🦾", "title": "взяти"}, {"id": "repair", "emoji": "🔧", "title": "ремонт"}], "maxCommands": 22, "points": 15}'::jsonb),
('10000000-0000-4000-8000-000000000001', 45, 'Збери робота-помічника 45', 'game', 7, 'Діти натискають потрібні деталі та складають блоки. Потім повторюють логіку на WeDo / Spike.', '{"mode": "robotAssembly", "hero": "🧩", "instruction": "Збери правильні деталі й склади програму запуску робота.", "project": "Розумний шлагбаум", "requiredParts": ["hub", "motor", "sensor"], "requiredProgram": ["start", "motor_on", "wait", "motor_off"], "parts": [{"id": "hub", "emoji": "🧠", "title": "SmartHub"}, {"id": "motor", "emoji": "⚙️", "title": "Мотор"}, {"id": "sensor", "emoji": "📡", "title": "Датчик"}, {"id": "light", "emoji": "💡", "title": "Світло"}, {"id": "wheel", "emoji": "🛞", "title": "Колесо"}, {"id": "gear", "emoji": "⚙️", "title": "Шестерня"}], "blocks": [{"id": "start", "emoji": "▶️", "title": "старт"}, {"id": "motor_on", "emoji": "⚙️", "title": "мотор"}, {"id": "wait", "emoji": "⏳", "title": "чекати"}, {"id": "light_on", "emoji": "💡", "title": "світло"}, {"id": "motor_off", "emoji": "🛑", "title": "стоп"}], "points": 18}'::jsonb),
('20000000-0000-4000-8000-000000000002', 1, 'Робочий стіл: порядок 1', 'game', 6, 'Нехай дитина пояснить, чому .exe від незнайомого сайту небезпечний.', '{"mode": "desktopDrag", "hero": "🖥️", "instruction": "Перетягни файли у правильні місця на робочому столі.", "windowTitle": "Desktop Cleanup", "categories": [{"id": "photos", "emoji": "🖼️", "title": "Фото"}, {"id": "study", "emoji": "📚", "title": "Навчання"}, {"id": "trash", "emoji": "🗑️", "title": "Кошик"}, {"id": "quarantine", "emoji": "☣️", "title": "Карантин"}], "cards": [{"id": "a", "emoji": "🧨", "title": "free_gems.exe", "category": "quarantine"}, {"id": "b", "emoji": "📄", "title": "homework.pdf", "category": "study"}, {"id": "c", "emoji": "🖼️", "title": "cat.jpg", "category": "photos"}, {"id": "d", "emoji": "🗑️", "title": "old.tmp", "category": "trash"}], "pointsPerCard": 4}'::jsonb),
('20000000-0000-4000-8000-000000000002', 2, 'Браузер: знайди безпечний результат 2', 'game', 5, 'Показати різницю між рекламою, дивним доменом і нормальним результатом.', '{"mode": "browserHunt", "hero": "🌐", "instruction": "Обери безпечну дію в браузері.", "url": "search.kids.local", "query": "скачати гру для навчання", "results": [{"emoji": "🎮", "title": "Офіційний сайт Scratch", "url": "scratch.mit.edu"}, {"emoji": "🎁", "title": "FREE ROBUX PASSWORD", "url": "gift-win-now.test", "danger": true}, {"emoji": "⬇️", "title": "download_update.exe", "url": "unknown-files.test", "danger": true}], "cards": [{"id": "ok", "emoji": "✅", "title": "Відкрити офіційний сайт", "isCorrect": true}, {"id": "bad1", "emoji": "🎁", "title": "Натиснути подарунок"}, {"id": "bad2", "emoji": "🔑", "title": "Ввести пароль"}], "points": 12}'::jsonb),
('20000000-0000-4000-8000-000000000002', 3, 'Пошта: фішинговий лист 3', 'game', 5, 'Попросити знайти 2 ознаки фішингу: терміновість і прохання даних.', '{"mode": "emailAction", "hero": "📬", "instruction": "Прочитай лист і вибери правильну дію.", "subject": "Терміново! Твій акаунт заблоковано", "from": "support-security@free-prize.test", "message": "Надішли пароль або натисни кнопку, інакше акаунт буде видалено.", "attachment": "bonus.exe", "cards": [{"id": "ok", "emoji": "🧑‍🏫", "title": "Показати дорослому", "isCorrect": true}, {"id": "bad1", "emoji": "🔑", "title": "Надіслати пароль"}, {"id": "bad2", "emoji": "📎", "title": "Відкрити файл"}], "points": 12}'::jsonb),
('20000000-0000-4000-8000-000000000002', 4, 'Чат: незнайомець пише 4', 'game', 5, 'Обговорити, що не можна надсилати адресу, фото, школу й телефон.', '{"mode": "chatAction", "hero": "💬", "instruction": "У чаті з’явилось дивне повідомлення. Обери безпечну відповідь.", "chatTitle": "Game Friends", "messages": ["Привіт! Хочеш подарунок у грі?", "Скинь адресу і пароль, я все зроблю."], "cards": [{"id": "ok", "emoji": "🚫", "title": "Не відповідати й сказати дорослому", "isCorrect": true}, {"id": "bad1", "emoji": "🏠", "title": "Надіслати адресу"}, {"id": "bad2", "emoji": "🔑", "title": "Скинути пароль"}], "points": 12}'::jsonb),
('20000000-0000-4000-8000-000000000002', 5, 'Навчи ШІ розрізняти об’єкти 5', 'game', 6, 'Пояснити: ШІ вчиться на прикладах, а погані приклади дають поганий результат.', '{"mode": "aiTrainerGame", "hero": "🧠", "instruction": "Розклади приклади, щоб навчити робота.", "labTitle": "AI Trainer", "labText": "Чисті приклади = розумніший робот.", "categories": [{"id": "animal", "emoji": "🐾", "title": "Тварина"}, {"id": "food", "emoji": "🍎", "title": "Їжа"}, {"id": "tech", "emoji": "💻", "title": "Техніка"}], "cards": [{"id": "cat", "emoji": "🐱", "title": "Котик", "category": "animal"}, {"id": "apple", "emoji": "🍎", "title": "Яблуко", "category": "food"}, {"id": "laptop", "emoji": "💻", "title": "Ноутбук", "category": "tech"}, {"id": "dog", "emoji": "🐶", "title": "Собака", "category": "animal"}], "pointsPerCard": 4}'::jsonb),
('20000000-0000-4000-8000-000000000002', 6, 'Пароль для героя 6', 'game', 5, 'Пояснити, що сильний пароль не складається з імені й 12345.', '{"mode": "passwordBuilder", "hero": "🔐", "instruction": "Збери сильний пароль із частинок.", "parts": ["Robo", "Кіт", "42", "!", "Sky", "2026", "name", "123"], "banned": ["name", "123"], "minLength": 8, "need": 3, "points": 12}'::jsonb),
('20000000-0000-4000-8000-000000000002', 7, 'Клавіатурний спринт 7', 'game', 5, 'Дати 1 хвилину: хто швидше й точніше введе слово.', '{"mode": "typingGame", "hero": "⌨️", "instruction": "Надрукуй слово точно так само.", "target": "SCRATCH", "points": 10}'::jsonb),
('20000000-0000-4000-8000-000000000002', 8, 'Пристрій чи програма 8', 'game', 6, 'Швидка гра на розрізнення hardware/software.', '{"mode": "hardwareSort", "hero": "🔩", "instruction": "Визнач: це пристрій чи програма?", "pointsPerItem": 3, "items": [{"emoji": "🖱️", "title": "Мишка", "type": "hardware"}, {"emoji": "🌐", "title": "Браузер", "type": "software"}, {"emoji": "⌨️", "title": "Клавіатура", "type": "hardware"}, {"emoji": "🎨", "title": "Paint", "type": "software"}, {"emoji": "🖨️", "title": "Принтер", "type": "hardware"}]}'::jsonb),
('20000000-0000-4000-8000-000000000002', 9, 'Робочий стіл: порядок 9', 'game', 6, 'Нехай дитина пояснить, чому .exe від незнайомого сайту небезпечний.', '{"mode": "desktopDrag", "hero": "🖥️", "instruction": "Перетягни файли у правильні місця на робочому столі.", "windowTitle": "Desktop Cleanup", "categories": [{"id": "photos", "emoji": "🖼️", "title": "Фото"}, {"id": "study", "emoji": "📚", "title": "Навчання"}, {"id": "trash", "emoji": "🗑️", "title": "Кошик"}, {"id": "quarantine", "emoji": "☣️", "title": "Карантин"}], "cards": [{"id": "a", "emoji": "🧨", "title": "free_gems.exe", "category": "quarantine"}, {"id": "b", "emoji": "📄", "title": "homework.pdf", "category": "study"}, {"id": "c", "emoji": "🖼️", "title": "cat.jpg", "category": "photos"}, {"id": "d", "emoji": "🗑️", "title": "old.tmp", "category": "trash"}], "pointsPerCard": 4}'::jsonb),
('20000000-0000-4000-8000-000000000002', 10, 'Робочий стіл: порядок 10', 'game', 6, 'Нехай дитина пояснить, чому .exe від незнайомого сайту небезпечний.', '{"mode": "desktopDrag", "hero": "🖥️", "instruction": "Перетягни файли у правильні місця на робочому столі.", "windowTitle": "Desktop Cleanup", "categories": [{"id": "photos", "emoji": "🖼️", "title": "Фото"}, {"id": "study", "emoji": "📚", "title": "Навчання"}, {"id": "trash", "emoji": "🗑️", "title": "Кошик"}, {"id": "quarantine", "emoji": "☣️", "title": "Карантин"}], "cards": [{"id": "a", "emoji": "🧨", "title": "free_gems.exe", "category": "quarantine"}, {"id": "b", "emoji": "📄", "title": "homework.pdf", "category": "study"}, {"id": "c", "emoji": "🖼️", "title": "cat.jpg", "category": "photos"}, {"id": "d", "emoji": "🗑️", "title": "old.tmp", "category": "trash"}], "pointsPerCard": 4}'::jsonb),
('20000000-0000-4000-8000-000000000002', 11, 'Браузер: знайди безпечний результат 11', 'game', 5, 'Показати різницю між рекламою, дивним доменом і нормальним результатом.', '{"mode": "browserHunt", "hero": "🌐", "instruction": "Обери безпечну дію в браузері.", "url": "search.kids.local", "query": "скачати гру для навчання", "results": [{"emoji": "🎮", "title": "Офіційний сайт Scratch", "url": "scratch.mit.edu"}, {"emoji": "🎁", "title": "FREE ROBUX PASSWORD", "url": "gift-win-now.test", "danger": true}, {"emoji": "⬇️", "title": "download_update.exe", "url": "unknown-files.test", "danger": true}], "cards": [{"id": "ok", "emoji": "✅", "title": "Відкрити офіційний сайт", "isCorrect": true}, {"id": "bad1", "emoji": "🎁", "title": "Натиснути подарунок"}, {"id": "bad2", "emoji": "🔑", "title": "Ввести пароль"}], "points": 12}'::jsonb),
('20000000-0000-4000-8000-000000000002', 12, 'Пошта: фішинговий лист 12', 'game', 5, 'Попросити знайти 2 ознаки фішингу: терміновість і прохання даних.', '{"mode": "emailAction", "hero": "📬", "instruction": "Прочитай лист і вибери правильну дію.", "subject": "Терміново! Твій акаунт заблоковано", "from": "support-security@free-prize.test", "message": "Надішли пароль або натисни кнопку, інакше акаунт буде видалено.", "attachment": "bonus.exe", "cards": [{"id": "ok", "emoji": "🧑‍🏫", "title": "Показати дорослому", "isCorrect": true}, {"id": "bad1", "emoji": "🔑", "title": "Надіслати пароль"}, {"id": "bad2", "emoji": "📎", "title": "Відкрити файл"}], "points": 12}'::jsonb),
('20000000-0000-4000-8000-000000000002', 13, 'Чат: незнайомець пише 13', 'game', 5, 'Обговорити, що не можна надсилати адресу, фото, школу й телефон.', '{"mode": "chatAction", "hero": "💬", "instruction": "У чаті з’явилось дивне повідомлення. Обери безпечну відповідь.", "chatTitle": "Game Friends", "messages": ["Привіт! Хочеш подарунок у грі?", "Скинь адресу і пароль, я все зроблю."], "cards": [{"id": "ok", "emoji": "🚫", "title": "Не відповідати й сказати дорослому", "isCorrect": true}, {"id": "bad1", "emoji": "🏠", "title": "Надіслати адресу"}, {"id": "bad2", "emoji": "🔑", "title": "Скинути пароль"}], "points": 12}'::jsonb),
('20000000-0000-4000-8000-000000000002', 14, 'Навчи ШІ розрізняти об’єкти 14', 'game', 6, 'Пояснити: ШІ вчиться на прикладах, а погані приклади дають поганий результат.', '{"mode": "aiTrainerGame", "hero": "🧠", "instruction": "Розклади приклади, щоб навчити робота.", "labTitle": "AI Trainer", "labText": "Чисті приклади = розумніший робот.", "categories": [{"id": "animal", "emoji": "🐾", "title": "Тварина"}, {"id": "food", "emoji": "🍎", "title": "Їжа"}, {"id": "tech", "emoji": "💻", "title": "Техніка"}], "cards": [{"id": "cat", "emoji": "🐱", "title": "Котик", "category": "animal"}, {"id": "apple", "emoji": "🍎", "title": "Яблуко", "category": "food"}, {"id": "laptop", "emoji": "💻", "title": "Ноутбук", "category": "tech"}, {"id": "dog", "emoji": "🐶", "title": "Собака", "category": "animal"}], "pointsPerCard": 4}'::jsonb),
('20000000-0000-4000-8000-000000000002', 15, 'Пароль для героя 15', 'game', 5, 'Пояснити, що сильний пароль не складається з імені й 12345.', '{"mode": "passwordBuilder", "hero": "🔐", "instruction": "Збери сильний пароль із частинок.", "parts": ["Robo", "Кіт", "42", "!", "Sky", "2026", "name", "123"], "banned": ["name", "123"], "minLength": 8, "need": 3, "points": 12}'::jsonb),
('20000000-0000-4000-8000-000000000002', 16, 'Клавіатурний спринт 16', 'game', 5, 'Дати 1 хвилину: хто швидше й точніше введе слово.', '{"mode": "typingGame", "hero": "⌨️", "instruction": "Надрукуй слово точно так само.", "target": "БЕЗПЕКА", "points": 10}'::jsonb),
('20000000-0000-4000-8000-000000000002', 17, 'Пристрій чи програма 17', 'game', 6, 'Швидка гра на розрізнення hardware/software.', '{"mode": "hardwareSort", "hero": "🔩", "instruction": "Визнач: це пристрій чи програма?", "pointsPerItem": 3, "items": [{"emoji": "🖱️", "title": "Мишка", "type": "hardware"}, {"emoji": "🌐", "title": "Браузер", "type": "software"}, {"emoji": "⌨️", "title": "Клавіатура", "type": "hardware"}, {"emoji": "🎨", "title": "Paint", "type": "software"}, {"emoji": "🖨️", "title": "Принтер", "type": "hardware"}]}'::jsonb),
('20000000-0000-4000-8000-000000000002', 18, 'Робочий стіл: порядок 18', 'game', 6, 'Нехай дитина пояснить, чому .exe від незнайомого сайту небезпечний.', '{"mode": "desktopDrag", "hero": "🖥️", "instruction": "Перетягни файли у правильні місця на робочому столі.", "windowTitle": "Desktop Cleanup", "categories": [{"id": "photos", "emoji": "🖼️", "title": "Фото"}, {"id": "study", "emoji": "📚", "title": "Навчання"}, {"id": "trash", "emoji": "🗑️", "title": "Кошик"}, {"id": "quarantine", "emoji": "☣️", "title": "Карантин"}], "cards": [{"id": "a", "emoji": "🧨", "title": "free_gems.exe", "category": "quarantine"}, {"id": "b", "emoji": "📄", "title": "homework.pdf", "category": "study"}, {"id": "c", "emoji": "🖼️", "title": "cat.jpg", "category": "photos"}, {"id": "d", "emoji": "🗑️", "title": "old.tmp", "category": "trash"}], "pointsPerCard": 4}'::jsonb),
('20000000-0000-4000-8000-000000000002', 19, 'Робочий стіл: порядок 19', 'game', 6, 'Нехай дитина пояснить, чому .exe від незнайомого сайту небезпечний.', '{"mode": "desktopDrag", "hero": "🖥️", "instruction": "Перетягни файли у правильні місця на робочому столі.", "windowTitle": "Desktop Cleanup", "categories": [{"id": "photos", "emoji": "🖼️", "title": "Фото"}, {"id": "study", "emoji": "📚", "title": "Навчання"}, {"id": "trash", "emoji": "🗑️", "title": "Кошик"}, {"id": "quarantine", "emoji": "☣️", "title": "Карантин"}], "cards": [{"id": "a", "emoji": "🧨", "title": "free_gems.exe", "category": "quarantine"}, {"id": "b", "emoji": "📄", "title": "homework.pdf", "category": "study"}, {"id": "c", "emoji": "🖼️", "title": "cat.jpg", "category": "photos"}, {"id": "d", "emoji": "🗑️", "title": "old.tmp", "category": "trash"}], "pointsPerCard": 4}'::jsonb),
('20000000-0000-4000-8000-000000000002', 20, 'Браузер: знайди безпечний результат 20', 'game', 5, 'Показати різницю між рекламою, дивним доменом і нормальним результатом.', '{"mode": "browserHunt", "hero": "🌐", "instruction": "Обери безпечну дію в браузері.", "url": "search.kids.local", "query": "скачати гру для навчання", "results": [{"emoji": "🎮", "title": "Офіційний сайт Scratch", "url": "scratch.mit.edu"}, {"emoji": "🎁", "title": "FREE ROBUX PASSWORD", "url": "gift-win-now.test", "danger": true}, {"emoji": "⬇️", "title": "download_update.exe", "url": "unknown-files.test", "danger": true}], "cards": [{"id": "ok", "emoji": "✅", "title": "Відкрити офіційний сайт", "isCorrect": true}, {"id": "bad1", "emoji": "🎁", "title": "Натиснути подарунок"}, {"id": "bad2", "emoji": "🔑", "title": "Ввести пароль"}], "points": 12}'::jsonb),
('20000000-0000-4000-8000-000000000002', 21, 'Пошта: фішинговий лист 21', 'game', 5, 'Попросити знайти 2 ознаки фішингу: терміновість і прохання даних.', '{"mode": "emailAction", "hero": "📬", "instruction": "Прочитай лист і вибери правильну дію.", "subject": "Терміново! Твій акаунт заблоковано", "from": "support-security@free-prize.test", "message": "Надішли пароль або натисни кнопку, інакше акаунт буде видалено.", "attachment": "bonus.exe", "cards": [{"id": "ok", "emoji": "🧑‍🏫", "title": "Показати дорослому", "isCorrect": true}, {"id": "bad1", "emoji": "🔑", "title": "Надіслати пароль"}, {"id": "bad2", "emoji": "📎", "title": "Відкрити файл"}], "points": 12}'::jsonb),
('20000000-0000-4000-8000-000000000002', 22, 'Чат: незнайомець пише 22', 'game', 5, 'Обговорити, що не можна надсилати адресу, фото, школу й телефон.', '{"mode": "chatAction", "hero": "💬", "instruction": "У чаті з’явилось дивне повідомлення. Обери безпечну відповідь.", "chatTitle": "Game Friends", "messages": ["Привіт! Хочеш подарунок у грі?", "Скинь адресу і пароль, я все зроблю."], "cards": [{"id": "ok", "emoji": "🚫", "title": "Не відповідати й сказати дорослому", "isCorrect": true}, {"id": "bad1", "emoji": "🏠", "title": "Надіслати адресу"}, {"id": "bad2", "emoji": "🔑", "title": "Скинути пароль"}], "points": 12}'::jsonb),
('20000000-0000-4000-8000-000000000002', 23, 'Навчи ШІ розрізняти об’єкти 23', 'game', 6, 'Пояснити: ШІ вчиться на прикладах, а погані приклади дають поганий результат.', '{"mode": "aiTrainerGame", "hero": "🧠", "instruction": "Розклади приклади, щоб навчити робота.", "labTitle": "AI Trainer", "labText": "Чисті приклади = розумніший робот.", "categories": [{"id": "animal", "emoji": "🐾", "title": "Тварина"}, {"id": "food", "emoji": "🍎", "title": "Їжа"}, {"id": "tech", "emoji": "💻", "title": "Техніка"}], "cards": [{"id": "cat", "emoji": "🐱", "title": "Котик", "category": "animal"}, {"id": "apple", "emoji": "🍎", "title": "Яблуко", "category": "food"}, {"id": "laptop", "emoji": "💻", "title": "Ноутбук", "category": "tech"}, {"id": "dog", "emoji": "🐶", "title": "Собака", "category": "animal"}], "pointsPerCard": 4}'::jsonb),
('20000000-0000-4000-8000-000000000002', 24, 'Пароль для героя 24', 'game', 5, 'Пояснити, що сильний пароль не складається з імені й 12345.', '{"mode": "passwordBuilder", "hero": "🔐", "instruction": "Збери сильний пароль із частинок.", "parts": ["Robo", "Кіт", "42", "!", "Sky", "2026", "name", "123"], "banned": ["name", "123"], "minLength": 8, "need": 3, "points": 12}'::jsonb),
('20000000-0000-4000-8000-000000000002', 25, 'Клавіатурний спринт 25', 'game', 5, 'Дати 1 хвилину: хто швидше й точніше введе слово.', '{"mode": "typingGame", "hero": "⌨️", "instruction": "Надрукуй слово точно так само.", "target": "РОБОТ", "points": 10}'::jsonb),
('20000000-0000-4000-8000-000000000002', 26, 'Пристрій чи програма 26', 'game', 6, 'Швидка гра на розрізнення hardware/software.', '{"mode": "hardwareSort", "hero": "🔩", "instruction": "Визнач: це пристрій чи програма?", "pointsPerItem": 3, "items": [{"emoji": "🖱️", "title": "Мишка", "type": "hardware"}, {"emoji": "🌐", "title": "Браузер", "type": "software"}, {"emoji": "⌨️", "title": "Клавіатура", "type": "hardware"}, {"emoji": "🎨", "title": "Paint", "type": "software"}, {"emoji": "🖨️", "title": "Принтер", "type": "hardware"}]}'::jsonb),
('20000000-0000-4000-8000-000000000002', 27, 'Робочий стіл: порядок 27', 'game', 6, 'Нехай дитина пояснить, чому .exe від незнайомого сайту небезпечний.', '{"mode": "desktopDrag", "hero": "🖥️", "instruction": "Перетягни файли у правильні місця на робочому столі.", "windowTitle": "Desktop Cleanup", "categories": [{"id": "photos", "emoji": "🖼️", "title": "Фото"}, {"id": "study", "emoji": "📚", "title": "Навчання"}, {"id": "trash", "emoji": "🗑️", "title": "Кошик"}, {"id": "quarantine", "emoji": "☣️", "title": "Карантин"}], "cards": [{"id": "a", "emoji": "🧨", "title": "free_gems.exe", "category": "quarantine"}, {"id": "b", "emoji": "📄", "title": "homework.pdf", "category": "study"}, {"id": "c", "emoji": "🖼️", "title": "cat.jpg", "category": "photos"}, {"id": "d", "emoji": "🗑️", "title": "old.tmp", "category": "trash"}], "pointsPerCard": 4}'::jsonb),
('20000000-0000-4000-8000-000000000002', 28, 'Робочий стіл: порядок 28', 'game', 6, 'Нехай дитина пояснить, чому .exe від незнайомого сайту небезпечний.', '{"mode": "desktopDrag", "hero": "🖥️", "instruction": "Перетягни файли у правильні місця на робочому столі.", "windowTitle": "Desktop Cleanup", "categories": [{"id": "photos", "emoji": "🖼️", "title": "Фото"}, {"id": "study", "emoji": "📚", "title": "Навчання"}, {"id": "trash", "emoji": "🗑️", "title": "Кошик"}, {"id": "quarantine", "emoji": "☣️", "title": "Карантин"}], "cards": [{"id": "a", "emoji": "🧨", "title": "free_gems.exe", "category": "quarantine"}, {"id": "b", "emoji": "📄", "title": "homework.pdf", "category": "study"}, {"id": "c", "emoji": "🖼️", "title": "cat.jpg", "category": "photos"}, {"id": "d", "emoji": "🗑️", "title": "old.tmp", "category": "trash"}], "pointsPerCard": 4}'::jsonb),
('20000000-0000-4000-8000-000000000002', 29, 'Браузер: знайди безпечний результат 29', 'game', 5, 'Показати різницю між рекламою, дивним доменом і нормальним результатом.', '{"mode": "browserHunt", "hero": "🌐", "instruction": "Обери безпечну дію в браузері.", "url": "search.kids.local", "query": "скачати гру для навчання", "results": [{"emoji": "🎮", "title": "Офіційний сайт Scratch", "url": "scratch.mit.edu"}, {"emoji": "🎁", "title": "FREE ROBUX PASSWORD", "url": "gift-win-now.test", "danger": true}, {"emoji": "⬇️", "title": "download_update.exe", "url": "unknown-files.test", "danger": true}], "cards": [{"id": "ok", "emoji": "✅", "title": "Відкрити офіційний сайт", "isCorrect": true}, {"id": "bad1", "emoji": "🎁", "title": "Натиснути подарунок"}, {"id": "bad2", "emoji": "🔑", "title": "Ввести пароль"}], "points": 12}'::jsonb),
('20000000-0000-4000-8000-000000000002', 30, 'Пошта: фішинговий лист 30', 'game', 5, 'Попросити знайти 2 ознаки фішингу: терміновість і прохання даних.', '{"mode": "emailAction", "hero": "📬", "instruction": "Прочитай лист і вибери правильну дію.", "subject": "Терміново! Твій акаунт заблоковано", "from": "support-security@free-prize.test", "message": "Надішли пароль або натисни кнопку, інакше акаунт буде видалено.", "attachment": "bonus.exe", "cards": [{"id": "ok", "emoji": "🧑‍🏫", "title": "Показати дорослому", "isCorrect": true}, {"id": "bad1", "emoji": "🔑", "title": "Надіслати пароль"}, {"id": "bad2", "emoji": "📎", "title": "Відкрити файл"}], "points": 12}'::jsonb),
('20000000-0000-4000-8000-000000000002', 31, 'Чат: незнайомець пише 31', 'game', 5, 'Обговорити, що не можна надсилати адресу, фото, школу й телефон.', '{"mode": "chatAction", "hero": "💬", "instruction": "У чаті з’явилось дивне повідомлення. Обери безпечну відповідь.", "chatTitle": "Game Friends", "messages": ["Привіт! Хочеш подарунок у грі?", "Скинь адресу і пароль, я все зроблю."], "cards": [{"id": "ok", "emoji": "🚫", "title": "Не відповідати й сказати дорослому", "isCorrect": true}, {"id": "bad1", "emoji": "🏠", "title": "Надіслати адресу"}, {"id": "bad2", "emoji": "🔑", "title": "Скинути пароль"}], "points": 12}'::jsonb),
('20000000-0000-4000-8000-000000000002', 32, 'Навчи ШІ розрізняти об’єкти 32', 'game', 6, 'Пояснити: ШІ вчиться на прикладах, а погані приклади дають поганий результат.', '{"mode": "aiTrainerGame", "hero": "🧠", "instruction": "Розклади приклади, щоб навчити робота.", "labTitle": "AI Trainer", "labText": "Чисті приклади = розумніший робот.", "categories": [{"id": "animal", "emoji": "🐾", "title": "Тварина"}, {"id": "food", "emoji": "🍎", "title": "Їжа"}, {"id": "tech", "emoji": "💻", "title": "Техніка"}], "cards": [{"id": "cat", "emoji": "🐱", "title": "Котик", "category": "animal"}, {"id": "apple", "emoji": "🍎", "title": "Яблуко", "category": "food"}, {"id": "laptop", "emoji": "💻", "title": "Ноутбук", "category": "tech"}, {"id": "dog", "emoji": "🐶", "title": "Собака", "category": "animal"}], "pointsPerCard": 4}'::jsonb),
('20000000-0000-4000-8000-000000000002', 33, 'Пароль для героя 33', 'game', 5, 'Пояснити, що сильний пароль не складається з імені й 12345.', '{"mode": "passwordBuilder", "hero": "🔐", "instruction": "Збери сильний пароль із частинок.", "parts": ["Robo", "Кіт", "42", "!", "Sky", "2026", "name", "123"], "banned": ["name", "123"], "minLength": 8, "need": 3, "points": 12}'::jsonb),
('20000000-0000-4000-8000-000000000002', 34, 'Клавіатурний спринт 34', 'game', 5, 'Дати 1 хвилину: хто швидше й точніше введе слово.', '{"mode": "typingGame", "hero": "⌨️", "instruction": "Надрукуй слово точно так само.", "target": "АЛГОРИТМ", "points": 10}'::jsonb),
('20000000-0000-4000-8000-000000000002', 35, 'Пристрій чи програма 35', 'game', 6, 'Швидка гра на розрізнення hardware/software.', '{"mode": "hardwareSort", "hero": "🔩", "instruction": "Визнач: це пристрій чи програма?", "pointsPerItem": 3, "items": [{"emoji": "🖱️", "title": "Мишка", "type": "hardware"}, {"emoji": "🌐", "title": "Браузер", "type": "software"}, {"emoji": "⌨️", "title": "Клавіатура", "type": "hardware"}, {"emoji": "🎨", "title": "Paint", "type": "software"}, {"emoji": "🖨️", "title": "Принтер", "type": "hardware"}]}'::jsonb),
('20000000-0000-4000-8000-000000000002', 36, 'Робочий стіл: порядок 36', 'game', 6, 'Нехай дитина пояснить, чому .exe від незнайомого сайту небезпечний.', '{"mode": "desktopDrag", "hero": "🖥️", "instruction": "Перетягни файли у правильні місця на робочому столі.", "windowTitle": "Desktop Cleanup", "categories": [{"id": "photos", "emoji": "🖼️", "title": "Фото"}, {"id": "study", "emoji": "📚", "title": "Навчання"}, {"id": "trash", "emoji": "🗑️", "title": "Кошик"}, {"id": "quarantine", "emoji": "☣️", "title": "Карантин"}], "cards": [{"id": "a", "emoji": "🧨", "title": "free_gems.exe", "category": "quarantine"}, {"id": "b", "emoji": "📄", "title": "homework.pdf", "category": "study"}, {"id": "c", "emoji": "🖼️", "title": "cat.jpg", "category": "photos"}, {"id": "d", "emoji": "🗑️", "title": "old.tmp", "category": "trash"}], "pointsPerCard": 4}'::jsonb),
('20000000-0000-4000-8000-000000000002', 37, 'Робочий стіл: порядок 37', 'game', 6, 'Нехай дитина пояснить, чому .exe від незнайомого сайту небезпечний.', '{"mode": "desktopDrag", "hero": "🖥️", "instruction": "Перетягни файли у правильні місця на робочому столі.", "windowTitle": "Desktop Cleanup", "categories": [{"id": "photos", "emoji": "🖼️", "title": "Фото"}, {"id": "study", "emoji": "📚", "title": "Навчання"}, {"id": "trash", "emoji": "🗑️", "title": "Кошик"}, {"id": "quarantine", "emoji": "☣️", "title": "Карантин"}], "cards": [{"id": "a", "emoji": "🧨", "title": "free_gems.exe", "category": "quarantine"}, {"id": "b", "emoji": "📄", "title": "homework.pdf", "category": "study"}, {"id": "c", "emoji": "🖼️", "title": "cat.jpg", "category": "photos"}, {"id": "d", "emoji": "🗑️", "title": "old.tmp", "category": "trash"}], "pointsPerCard": 4}'::jsonb),
('20000000-0000-4000-8000-000000000002', 38, 'Браузер: знайди безпечний результат 38', 'game', 5, 'Показати різницю між рекламою, дивним доменом і нормальним результатом.', '{"mode": "browserHunt", "hero": "🌐", "instruction": "Обери безпечну дію в браузері.", "url": "search.kids.local", "query": "скачати гру для навчання", "results": [{"emoji": "🎮", "title": "Офіційний сайт Scratch", "url": "scratch.mit.edu"}, {"emoji": "🎁", "title": "FREE ROBUX PASSWORD", "url": "gift-win-now.test", "danger": true}, {"emoji": "⬇️", "title": "download_update.exe", "url": "unknown-files.test", "danger": true}], "cards": [{"id": "ok", "emoji": "✅", "title": "Відкрити офіційний сайт", "isCorrect": true}, {"id": "bad1", "emoji": "🎁", "title": "Натиснути подарунок"}, {"id": "bad2", "emoji": "🔑", "title": "Ввести пароль"}], "points": 12}'::jsonb),
('20000000-0000-4000-8000-000000000002', 39, 'Пошта: фішинговий лист 39', 'game', 5, 'Попросити знайти 2 ознаки фішингу: терміновість і прохання даних.', '{"mode": "emailAction", "hero": "📬", "instruction": "Прочитай лист і вибери правильну дію.", "subject": "Терміново! Твій акаунт заблоковано", "from": "support-security@free-prize.test", "message": "Надішли пароль або натисни кнопку, інакше акаунт буде видалено.", "attachment": "bonus.exe", "cards": [{"id": "ok", "emoji": "🧑‍🏫", "title": "Показати дорослому", "isCorrect": true}, {"id": "bad1", "emoji": "🔑", "title": "Надіслати пароль"}, {"id": "bad2", "emoji": "📎", "title": "Відкрити файл"}], "points": 12}'::jsonb),
('20000000-0000-4000-8000-000000000002', 40, 'Чат: незнайомець пише 40', 'game', 5, 'Обговорити, що не можна надсилати адресу, фото, школу й телефон.', '{"mode": "chatAction", "hero": "💬", "instruction": "У чаті з’явилось дивне повідомлення. Обери безпечну відповідь.", "chatTitle": "Game Friends", "messages": ["Привіт! Хочеш подарунок у грі?", "Скинь адресу і пароль, я все зроблю."], "cards": [{"id": "ok", "emoji": "🚫", "title": "Не відповідати й сказати дорослому", "isCorrect": true}, {"id": "bad1", "emoji": "🏠", "title": "Надіслати адресу"}, {"id": "bad2", "emoji": "🔑", "title": "Скинути пароль"}], "points": 12}'::jsonb),
('20000000-0000-4000-8000-000000000002', 41, 'Навчи ШІ розрізняти об’єкти 41', 'game', 6, 'Пояснити: ШІ вчиться на прикладах, а погані приклади дають поганий результат.', '{"mode": "aiTrainerGame", "hero": "🧠", "instruction": "Розклади приклади, щоб навчити робота.", "labTitle": "AI Trainer", "labText": "Чисті приклади = розумніший робот.", "categories": [{"id": "animal", "emoji": "🐾", "title": "Тварина"}, {"id": "food", "emoji": "🍎", "title": "Їжа"}, {"id": "tech", "emoji": "💻", "title": "Техніка"}], "cards": [{"id": "cat", "emoji": "🐱", "title": "Котик", "category": "animal"}, {"id": "apple", "emoji": "🍎", "title": "Яблуко", "category": "food"}, {"id": "laptop", "emoji": "💻", "title": "Ноутбук", "category": "tech"}, {"id": "dog", "emoji": "🐶", "title": "Собака", "category": "animal"}], "pointsPerCard": 4}'::jsonb),
('20000000-0000-4000-8000-000000000002', 42, 'Пароль для героя 42', 'game', 5, 'Пояснити, що сильний пароль не складається з імені й 12345.', '{"mode": "passwordBuilder", "hero": "🔐", "instruction": "Збери сильний пароль із частинок.", "parts": ["Robo", "Кіт", "42", "!", "Sky", "2026", "name", "123"], "banned": ["name", "123"], "minLength": 8, "need": 3, "points": 12}'::jsonb),
('20000000-0000-4000-8000-000000000002', 43, 'Клавіатурний спринт 43', 'game', 5, 'Дати 1 хвилину: хто швидше й точніше введе слово.', '{"mode": "typingGame", "hero": "⌨️", "instruction": "Надрукуй слово точно так само.", "target": "ПАПКА", "points": 10}'::jsonb),
('20000000-0000-4000-8000-000000000002', 44, 'Пристрій чи програма 44', 'game', 6, 'Швидка гра на розрізнення hardware/software.', '{"mode": "hardwareSort", "hero": "🔩", "instruction": "Визнач: це пристрій чи програма?", "pointsPerItem": 3, "items": [{"emoji": "🖱️", "title": "Мишка", "type": "hardware"}, {"emoji": "🌐", "title": "Браузер", "type": "software"}, {"emoji": "⌨️", "title": "Клавіатура", "type": "hardware"}, {"emoji": "🎨", "title": "Paint", "type": "software"}, {"emoji": "🖨️", "title": "Принтер", "type": "hardware"}]}'::jsonb),
('20000000-0000-4000-8000-000000000002', 45, 'Робочий стіл: порядок 45', 'game', 6, 'Нехай дитина пояснить, чому .exe від незнайомого сайту небезпечний.', '{"mode": "desktopDrag", "hero": "🖥️", "instruction": "Перетягни файли у правильні місця на робочому столі.", "windowTitle": "Desktop Cleanup", "categories": [{"id": "photos", "emoji": "🖼️", "title": "Фото"}, {"id": "study", "emoji": "📚", "title": "Навчання"}, {"id": "trash", "emoji": "🗑️", "title": "Кошик"}, {"id": "quarantine", "emoji": "☣️", "title": "Карантин"}], "cards": [{"id": "a", "emoji": "🧨", "title": "free_gems.exe", "category": "quarantine"}, {"id": "b", "emoji": "📄", "title": "homework.pdf", "category": "study"}, {"id": "c", "emoji": "🖼️", "title": "cat.jpg", "category": "photos"}, {"id": "d", "emoji": "🗑️", "title": "old.tmp", "category": "trash"}], "pointsPerCard": 4}'::jsonb),
('30000000-0000-4000-8000-000000000003', 1, 'Scratch-блоки: сцена 1', 'game', 6, 'Після міні-симуляції дитина повторює логіку в Scratch.', '{"mode": "scratchBlocks", "hero": "🐱", "instruction": "Склади правильний порядок блоків і запусти міні-сцену.", "sprite": "🐱", "stageItems": ["🐱", "⭐", "🏁", "👾"], "palette": [{"id": "event", "emoji": "🏁", "title": "старт"}, {"id": "repeat", "emoji": "🔁", "title": "повторити"}, {"id": "move", "emoji": "➡️", "title": "рух"}, {"id": "ifwall", "emoji": "🧱", "title": "якщо стіна"}, {"id": "turn", "emoji": "↪️", "title": "поворот"}], "targetBlocks": ["event", "repeat", "move", "ifwall", "turn"], "points": 15}'::jsonb),
('30000000-0000-4000-8000-000000000003', 2, 'Scratch-блоки: сцена 2', 'game', 6, 'Після міні-симуляції дитина повторює логіку в Scratch.', '{"mode": "scratchBlocks", "hero": "🐱", "instruction": "Склади правильний порядок блоків і запусти міні-сцену.", "sprite": "🐱", "stageItems": ["🐱", "⭐", "🏁", "👾"], "palette": [{"id": "event", "emoji": "🏁", "title": "старт"}, {"id": "clone", "emoji": "👥", "title": "клон"}, {"id": "fall", "emoji": "⬇️", "title": "падати"}, {"id": "catch", "emoji": "🧺", "title": "зловити"}, {"id": "score", "emoji": "⭐", "title": "бал"}], "targetBlocks": ["event", "clone", "fall", "catch", "score"], "points": 15}'::jsonb),
('30000000-0000-4000-8000-000000000003', 3, 'Scratch-блоки: сцена 3', 'game', 6, 'Після міні-симуляції дитина повторює логіку в Scratch.', '{"mode": "scratchBlocks", "hero": "🐱", "instruction": "Склади правильний порядок блоків і запусти міні-сцену.", "sprite": "🐱", "stageItems": ["🐱", "⭐", "🏁", "👾"], "palette": [{"id": "event", "emoji": "🏁", "title": "коли прапорець"}, {"id": "move", "emoji": "➡️", "title": "рухатись"}, {"id": "touch", "emoji": "⭐", "title": "торкнутись зірки"}, {"id": "score", "emoji": "+1", "title": "додати бал"}, {"id": "win", "emoji": "🏆", "title": "перемога"}], "targetBlocks": ["event", "move", "touch", "score", "win"], "points": 15}'::jsonb),
('30000000-0000-4000-8000-000000000003', 4, 'Збери Scratch-сцену 4', 'game', 5, 'Нехай дитина пояснить, які спрайти й змінні потрібні для гри.', '{"mode": "scratchScene", "hero": "🎬", "instruction": "Додай потрібні об’єкти на сцену гри.", "required": ["hero", "goal", "score"], "items": [{"id": "hero", "emoji": "🐱", "title": "герой"}, {"id": "goal", "emoji": "🏁", "title": "фініш"}, {"id": "score", "emoji": "⭐", "title": "рахунок"}, {"id": "enemy", "emoji": "👾", "title": "ворог"}, {"id": "sound", "emoji": "🔊", "title": "звук"}], "points": 12}'::jsonb),
('30000000-0000-4000-8000-000000000003', 5, 'Scratch-тест 5', 'game', 5, 'Міні-тест після кількох практичних кроків.', '{"mode": "quizBattle", "hero": "❓", "instruction": "Дай відповіді про Scratch.", "minCorrect": 2, "pointsPerQuestion": 4, "questions": [{"text": "Що запускає програму у Scratch?", "options": [{"emoji": "🏁", "title": "Зелений прапорець", "correct": true}, {"emoji": "🧱", "title": "Стіна"}, {"emoji": "🍕", "title": "Піца"}]}, {"text": "Що таке спрайт?", "options": [{"emoji": "🐱", "title": "Персонаж або об’єкт", "correct": true}, {"emoji": "📦", "title": "Коробка"}, {"emoji": "🔑", "title": "Пароль"}]}, {"text": "Навіщо змінна score?", "options": [{"emoji": "⭐", "title": "Рахувати бали", "correct": true}, {"emoji": "😴", "title": "Спати"}, {"emoji": "🧨", "title": "Ламати гру"}]}]}'::jsonb),
('30000000-0000-4000-8000-000000000003', 6, 'Друк команд Scratch 6', 'game', 6, 'Тренування клавіатури для назв блоків та команд.', '{"mode": "typingGame", "hero": "⌨️", "instruction": "Надрукуй назву команди Scratch.", "target": "change score by 1", "points": 10}'::jsonb),
('30000000-0000-4000-8000-000000000003', 7, 'Scratch-блоки: сцена 7', 'game', 6, 'Після міні-симуляції дитина повторює логіку в Scratch.', '{"mode": "scratchBlocks", "hero": "🐱", "instruction": "Склади правильний порядок блоків і запусти міні-сцену.", "sprite": "🐱", "stageItems": ["🐱", "⭐", "🏁", "👾"], "palette": [{"id": "event", "emoji": "🏁", "title": "старт"}, {"id": "repeat", "emoji": "🔁", "title": "повторити"}, {"id": "move", "emoji": "➡️", "title": "рух"}, {"id": "ifwall", "emoji": "🧱", "title": "якщо стіна"}, {"id": "turn", "emoji": "↪️", "title": "поворот"}], "targetBlocks": ["event", "repeat", "move", "ifwall", "turn"], "points": 15}'::jsonb),
('30000000-0000-4000-8000-000000000003', 8, 'Scratch-блоки: сцена 8', 'game', 6, 'Після міні-симуляції дитина повторює логіку в Scratch.', '{"mode": "scratchBlocks", "hero": "🐱", "instruction": "Склади правильний порядок блоків і запусти міні-сцену.", "sprite": "🐱", "stageItems": ["🐱", "⭐", "🏁", "👾"], "palette": [{"id": "event", "emoji": "🏁", "title": "старт"}, {"id": "clone", "emoji": "👥", "title": "клон"}, {"id": "fall", "emoji": "⬇️", "title": "падати"}, {"id": "catch", "emoji": "🧺", "title": "зловити"}, {"id": "score", "emoji": "⭐", "title": "бал"}], "targetBlocks": ["event", "clone", "fall", "catch", "score"], "points": 15}'::jsonb),
('30000000-0000-4000-8000-000000000003', 9, 'Scratch-блоки: сцена 9', 'game', 6, 'Після міні-симуляції дитина повторює логіку в Scratch.', '{"mode": "scratchBlocks", "hero": "🐱", "instruction": "Склади правильний порядок блоків і запусти міні-сцену.", "sprite": "🐱", "stageItems": ["🐱", "⭐", "🏁", "👾"], "palette": [{"id": "event", "emoji": "🏁", "title": "коли прапорець"}, {"id": "move", "emoji": "➡️", "title": "рухатись"}, {"id": "touch", "emoji": "⭐", "title": "торкнутись зірки"}, {"id": "score", "emoji": "+1", "title": "додати бал"}, {"id": "win", "emoji": "🏆", "title": "перемога"}], "targetBlocks": ["event", "move", "touch", "score", "win"], "points": 15}'::jsonb),
('30000000-0000-4000-8000-000000000003', 10, 'Збери Scratch-сцену 10', 'game', 5, 'Нехай дитина пояснить, які спрайти й змінні потрібні для гри.', '{"mode": "scratchScene", "hero": "🎬", "instruction": "Додай потрібні об’єкти на сцену гри.", "required": ["hero", "goal", "score"], "items": [{"id": "hero", "emoji": "🐱", "title": "герой"}, {"id": "goal", "emoji": "🏁", "title": "фініш"}, {"id": "score", "emoji": "⭐", "title": "рахунок"}, {"id": "enemy", "emoji": "👾", "title": "ворог"}, {"id": "sound", "emoji": "🔊", "title": "звук"}], "points": 12}'::jsonb),
('30000000-0000-4000-8000-000000000003', 11, 'Scratch-тест 11', 'game', 5, 'Міні-тест після кількох практичних кроків.', '{"mode": "quizBattle", "hero": "❓", "instruction": "Дай відповіді про Scratch.", "minCorrect": 2, "pointsPerQuestion": 4, "questions": [{"text": "Що запускає програму у Scratch?", "options": [{"emoji": "🏁", "title": "Зелений прапорець", "correct": true}, {"emoji": "🧱", "title": "Стіна"}, {"emoji": "🍕", "title": "Піца"}]}, {"text": "Що таке спрайт?", "options": [{"emoji": "🐱", "title": "Персонаж або об’єкт", "correct": true}, {"emoji": "📦", "title": "Коробка"}, {"emoji": "🔑", "title": "Пароль"}]}, {"text": "Навіщо змінна score?", "options": [{"emoji": "⭐", "title": "Рахувати бали", "correct": true}, {"emoji": "😴", "title": "Спати"}, {"emoji": "🧨", "title": "Ламати гру"}]}]}'::jsonb),
('30000000-0000-4000-8000-000000000003', 12, 'Друк команд Scratch 12', 'game', 6, 'Тренування клавіатури для назв блоків та команд.', '{"mode": "typingGame", "hero": "⌨️", "instruction": "Надрукуй назву команди Scratch.", "target": "move 10 steps", "points": 10}'::jsonb),
('30000000-0000-4000-8000-000000000003', 13, 'Scratch-блоки: сцена 13', 'game', 6, 'Після міні-симуляції дитина повторює логіку в Scratch.', '{"mode": "scratchBlocks", "hero": "🐱", "instruction": "Склади правильний порядок блоків і запусти міні-сцену.", "sprite": "🐱", "stageItems": ["🐱", "⭐", "🏁", "👾"], "palette": [{"id": "event", "emoji": "🏁", "title": "старт"}, {"id": "repeat", "emoji": "🔁", "title": "повторити"}, {"id": "move", "emoji": "➡️", "title": "рух"}, {"id": "ifwall", "emoji": "🧱", "title": "якщо стіна"}, {"id": "turn", "emoji": "↪️", "title": "поворот"}], "targetBlocks": ["event", "repeat", "move", "ifwall", "turn"], "points": 15}'::jsonb),
('30000000-0000-4000-8000-000000000003', 14, 'Scratch-блоки: сцена 14', 'game', 6, 'Після міні-симуляції дитина повторює логіку в Scratch.', '{"mode": "scratchBlocks", "hero": "🐱", "instruction": "Склади правильний порядок блоків і запусти міні-сцену.", "sprite": "🐱", "stageItems": ["🐱", "⭐", "🏁", "👾"], "palette": [{"id": "event", "emoji": "🏁", "title": "старт"}, {"id": "clone", "emoji": "👥", "title": "клон"}, {"id": "fall", "emoji": "⬇️", "title": "падати"}, {"id": "catch", "emoji": "🧺", "title": "зловити"}, {"id": "score", "emoji": "⭐", "title": "бал"}], "targetBlocks": ["event", "clone", "fall", "catch", "score"], "points": 15}'::jsonb),
('30000000-0000-4000-8000-000000000003', 15, 'Scratch-блоки: сцена 15', 'game', 6, 'Після міні-симуляції дитина повторює логіку в Scratch.', '{"mode": "scratchBlocks", "hero": "🐱", "instruction": "Склади правильний порядок блоків і запусти міні-сцену.", "sprite": "🐱", "stageItems": ["🐱", "⭐", "🏁", "👾"], "palette": [{"id": "event", "emoji": "🏁", "title": "коли прапорець"}, {"id": "move", "emoji": "➡️", "title": "рухатись"}, {"id": "touch", "emoji": "⭐", "title": "торкнутись зірки"}, {"id": "score", "emoji": "+1", "title": "додати бал"}, {"id": "win", "emoji": "🏆", "title": "перемога"}], "targetBlocks": ["event", "move", "touch", "score", "win"], "points": 15}'::jsonb),
('30000000-0000-4000-8000-000000000003', 16, 'Збери Scratch-сцену 16', 'game', 5, 'Нехай дитина пояснить, які спрайти й змінні потрібні для гри.', '{"mode": "scratchScene", "hero": "🎬", "instruction": "Додай потрібні об’єкти на сцену гри.", "required": ["hero", "goal", "score"], "items": [{"id": "hero", "emoji": "🐱", "title": "герой"}, {"id": "goal", "emoji": "🏁", "title": "фініш"}, {"id": "score", "emoji": "⭐", "title": "рахунок"}, {"id": "enemy", "emoji": "👾", "title": "ворог"}, {"id": "sound", "emoji": "🔊", "title": "звук"}], "points": 12}'::jsonb),
('30000000-0000-4000-8000-000000000003', 17, 'Scratch-тест 17', 'game', 5, 'Міні-тест після кількох практичних кроків.', '{"mode": "quizBattle", "hero": "❓", "instruction": "Дай відповіді про Scratch.", "minCorrect": 2, "pointsPerQuestion": 4, "questions": [{"text": "Що запускає програму у Scratch?", "options": [{"emoji": "🏁", "title": "Зелений прапорець", "correct": true}, {"emoji": "🧱", "title": "Стіна"}, {"emoji": "🍕", "title": "Піца"}]}, {"text": "Що таке спрайт?", "options": [{"emoji": "🐱", "title": "Персонаж або об’єкт", "correct": true}, {"emoji": "📦", "title": "Коробка"}, {"emoji": "🔑", "title": "Пароль"}]}, {"text": "Навіщо змінна score?", "options": [{"emoji": "⭐", "title": "Рахувати бали", "correct": true}, {"emoji": "😴", "title": "Спати"}, {"emoji": "🧨", "title": "Ламати гру"}]}]}'::jsonb),
('30000000-0000-4000-8000-000000000003', 18, 'Друк команд Scratch 18', 'game', 6, 'Тренування клавіатури для назв блоків та команд.', '{"mode": "typingGame", "hero": "⌨️", "instruction": "Надрукуй назву команди Scratch.", "target": "change score by 1", "points": 10}'::jsonb),
('30000000-0000-4000-8000-000000000003', 19, 'Scratch-блоки: сцена 19', 'game', 6, 'Після міні-симуляції дитина повторює логіку в Scratch.', '{"mode": "scratchBlocks", "hero": "🐱", "instruction": "Склади правильний порядок блоків і запусти міні-сцену.", "sprite": "🐱", "stageItems": ["🐱", "⭐", "🏁", "👾"], "palette": [{"id": "event", "emoji": "🏁", "title": "старт"}, {"id": "repeat", "emoji": "🔁", "title": "повторити"}, {"id": "move", "emoji": "➡️", "title": "рух"}, {"id": "ifwall", "emoji": "🧱", "title": "якщо стіна"}, {"id": "turn", "emoji": "↪️", "title": "поворот"}], "targetBlocks": ["event", "repeat", "move", "ifwall", "turn"], "points": 15}'::jsonb),
('30000000-0000-4000-8000-000000000003', 20, 'Scratch-блоки: сцена 20', 'game', 6, 'Після міні-симуляції дитина повторює логіку в Scratch.', '{"mode": "scratchBlocks", "hero": "🐱", "instruction": "Склади правильний порядок блоків і запусти міні-сцену.", "sprite": "🐱", "stageItems": ["🐱", "⭐", "🏁", "👾"], "palette": [{"id": "event", "emoji": "🏁", "title": "старт"}, {"id": "clone", "emoji": "👥", "title": "клон"}, {"id": "fall", "emoji": "⬇️", "title": "падати"}, {"id": "catch", "emoji": "🧺", "title": "зловити"}, {"id": "score", "emoji": "⭐", "title": "бал"}], "targetBlocks": ["event", "clone", "fall", "catch", "score"], "points": 15}'::jsonb),
('30000000-0000-4000-8000-000000000003', 21, 'Scratch-блоки: сцена 21', 'game', 6, 'Після міні-симуляції дитина повторює логіку в Scratch.', '{"mode": "scratchBlocks", "hero": "🐱", "instruction": "Склади правильний порядок блоків і запусти міні-сцену.", "sprite": "🐱", "stageItems": ["🐱", "⭐", "🏁", "👾"], "palette": [{"id": "event", "emoji": "🏁", "title": "коли прапорець"}, {"id": "move", "emoji": "➡️", "title": "рухатись"}, {"id": "touch", "emoji": "⭐", "title": "торкнутись зірки"}, {"id": "score", "emoji": "+1", "title": "додати бал"}, {"id": "win", "emoji": "🏆", "title": "перемога"}], "targetBlocks": ["event", "move", "touch", "score", "win"], "points": 15}'::jsonb),
('30000000-0000-4000-8000-000000000003', 22, 'Збери Scratch-сцену 22', 'game', 5, 'Нехай дитина пояснить, які спрайти й змінні потрібні для гри.', '{"mode": "scratchScene", "hero": "🎬", "instruction": "Додай потрібні об’єкти на сцену гри.", "required": ["hero", "goal", "score"], "items": [{"id": "hero", "emoji": "🐱", "title": "герой"}, {"id": "goal", "emoji": "🏁", "title": "фініш"}, {"id": "score", "emoji": "⭐", "title": "рахунок"}, {"id": "enemy", "emoji": "👾", "title": "ворог"}, {"id": "sound", "emoji": "🔊", "title": "звук"}], "points": 12}'::jsonb),
('30000000-0000-4000-8000-000000000003', 23, 'Scratch-тест 23', 'game', 5, 'Міні-тест після кількох практичних кроків.', '{"mode": "quizBattle", "hero": "❓", "instruction": "Дай відповіді про Scratch.", "minCorrect": 2, "pointsPerQuestion": 4, "questions": [{"text": "Що запускає програму у Scratch?", "options": [{"emoji": "🏁", "title": "Зелений прапорець", "correct": true}, {"emoji": "🧱", "title": "Стіна"}, {"emoji": "🍕", "title": "Піца"}]}, {"text": "Що таке спрайт?", "options": [{"emoji": "🐱", "title": "Персонаж або об’єкт", "correct": true}, {"emoji": "📦", "title": "Коробка"}, {"emoji": "🔑", "title": "Пароль"}]}, {"text": "Навіщо змінна score?", "options": [{"emoji": "⭐", "title": "Рахувати бали", "correct": true}, {"emoji": "😴", "title": "Спати"}, {"emoji": "🧨", "title": "Ламати гру"}]}]}'::jsonb),
('30000000-0000-4000-8000-000000000003', 24, 'Друк команд Scratch 24', 'game', 6, 'Тренування клавіатури для назв блоків та команд.', '{"mode": "typingGame", "hero": "⌨️", "instruction": "Надрукуй назву команди Scratch.", "target": "move 10 steps", "points": 10}'::jsonb),
('30000000-0000-4000-8000-000000000003', 25, 'Scratch-блоки: сцена 25', 'game', 6, 'Після міні-симуляції дитина повторює логіку в Scratch.', '{"mode": "scratchBlocks", "hero": "🐱", "instruction": "Склади правильний порядок блоків і запусти міні-сцену.", "sprite": "🐱", "stageItems": ["🐱", "⭐", "🏁", "👾"], "palette": [{"id": "event", "emoji": "🏁", "title": "старт"}, {"id": "repeat", "emoji": "🔁", "title": "повторити"}, {"id": "move", "emoji": "➡️", "title": "рух"}, {"id": "ifwall", "emoji": "🧱", "title": "якщо стіна"}, {"id": "turn", "emoji": "↪️", "title": "поворот"}], "targetBlocks": ["event", "repeat", "move", "ifwall", "turn"], "points": 15}'::jsonb),
('30000000-0000-4000-8000-000000000003', 26, 'Scratch-блоки: сцена 26', 'game', 6, 'Після міні-симуляції дитина повторює логіку в Scratch.', '{"mode": "scratchBlocks", "hero": "🐱", "instruction": "Склади правильний порядок блоків і запусти міні-сцену.", "sprite": "🐱", "stageItems": ["🐱", "⭐", "🏁", "👾"], "palette": [{"id": "event", "emoji": "🏁", "title": "старт"}, {"id": "clone", "emoji": "👥", "title": "клон"}, {"id": "fall", "emoji": "⬇️", "title": "падати"}, {"id": "catch", "emoji": "🧺", "title": "зловити"}, {"id": "score", "emoji": "⭐", "title": "бал"}], "targetBlocks": ["event", "clone", "fall", "catch", "score"], "points": 15}'::jsonb),
('30000000-0000-4000-8000-000000000003', 27, 'Scratch-блоки: сцена 27', 'game', 6, 'Після міні-симуляції дитина повторює логіку в Scratch.', '{"mode": "scratchBlocks", "hero": "🐱", "instruction": "Склади правильний порядок блоків і запусти міні-сцену.", "sprite": "🐱", "stageItems": ["🐱", "⭐", "🏁", "👾"], "palette": [{"id": "event", "emoji": "🏁", "title": "коли прапорець"}, {"id": "move", "emoji": "➡️", "title": "рухатись"}, {"id": "touch", "emoji": "⭐", "title": "торкнутись зірки"}, {"id": "score", "emoji": "+1", "title": "додати бал"}, {"id": "win", "emoji": "🏆", "title": "перемога"}], "targetBlocks": ["event", "move", "touch", "score", "win"], "points": 15}'::jsonb),
('30000000-0000-4000-8000-000000000003', 28, 'Збери Scratch-сцену 28', 'game', 5, 'Нехай дитина пояснить, які спрайти й змінні потрібні для гри.', '{"mode": "scratchScene", "hero": "🎬", "instruction": "Додай потрібні об’єкти на сцену гри.", "required": ["hero", "goal", "score"], "items": [{"id": "hero", "emoji": "🐱", "title": "герой"}, {"id": "goal", "emoji": "🏁", "title": "фініш"}, {"id": "score", "emoji": "⭐", "title": "рахунок"}, {"id": "enemy", "emoji": "👾", "title": "ворог"}, {"id": "sound", "emoji": "🔊", "title": "звук"}], "points": 12}'::jsonb),
('30000000-0000-4000-8000-000000000003', 29, 'Scratch-тест 29', 'game', 5, 'Міні-тест після кількох практичних кроків.', '{"mode": "quizBattle", "hero": "❓", "instruction": "Дай відповіді про Scratch.", "minCorrect": 2, "pointsPerQuestion": 4, "questions": [{"text": "Що запускає програму у Scratch?", "options": [{"emoji": "🏁", "title": "Зелений прапорець", "correct": true}, {"emoji": "🧱", "title": "Стіна"}, {"emoji": "🍕", "title": "Піца"}]}, {"text": "Що таке спрайт?", "options": [{"emoji": "🐱", "title": "Персонаж або об’єкт", "correct": true}, {"emoji": "📦", "title": "Коробка"}, {"emoji": "🔑", "title": "Пароль"}]}, {"text": "Навіщо змінна score?", "options": [{"emoji": "⭐", "title": "Рахувати бали", "correct": true}, {"emoji": "😴", "title": "Спати"}, {"emoji": "🧨", "title": "Ламати гру"}]}]}'::jsonb),
('30000000-0000-4000-8000-000000000003', 30, 'Друк команд Scratch 30', 'game', 6, 'Тренування клавіатури для назв блоків та команд.', '{"mode": "typingGame", "hero": "⌨️", "instruction": "Надрукуй назву команди Scratch.", "target": "change score by 1", "points": 10}'::jsonb),
('30000000-0000-4000-8000-000000000003', 31, 'Scratch-блоки: сцена 31', 'game', 6, 'Після міні-симуляції дитина повторює логіку в Scratch.', '{"mode": "scratchBlocks", "hero": "🐱", "instruction": "Склади правильний порядок блоків і запусти міні-сцену.", "sprite": "🐱", "stageItems": ["🐱", "⭐", "🏁", "👾"], "palette": [{"id": "event", "emoji": "🏁", "title": "старт"}, {"id": "repeat", "emoji": "🔁", "title": "повторити"}, {"id": "move", "emoji": "➡️", "title": "рух"}, {"id": "ifwall", "emoji": "🧱", "title": "якщо стіна"}, {"id": "turn", "emoji": "↪️", "title": "поворот"}], "targetBlocks": ["event", "repeat", "move", "ifwall", "turn"], "points": 15}'::jsonb),
('30000000-0000-4000-8000-000000000003', 32, 'Scratch-блоки: сцена 32', 'game', 6, 'Після міні-симуляції дитина повторює логіку в Scratch.', '{"mode": "scratchBlocks", "hero": "🐱", "instruction": "Склади правильний порядок блоків і запусти міні-сцену.", "sprite": "🐱", "stageItems": ["🐱", "⭐", "🏁", "👾"], "palette": [{"id": "event", "emoji": "🏁", "title": "старт"}, {"id": "clone", "emoji": "👥", "title": "клон"}, {"id": "fall", "emoji": "⬇️", "title": "падати"}, {"id": "catch", "emoji": "🧺", "title": "зловити"}, {"id": "score", "emoji": "⭐", "title": "бал"}], "targetBlocks": ["event", "clone", "fall", "catch", "score"], "points": 15}'::jsonb),
('30000000-0000-4000-8000-000000000003', 33, 'Scratch-блоки: сцена 33', 'game', 6, 'Після міні-симуляції дитина повторює логіку в Scratch.', '{"mode": "scratchBlocks", "hero": "🐱", "instruction": "Склади правильний порядок блоків і запусти міні-сцену.", "sprite": "🐱", "stageItems": ["🐱", "⭐", "🏁", "👾"], "palette": [{"id": "event", "emoji": "🏁", "title": "коли прапорець"}, {"id": "move", "emoji": "➡️", "title": "рухатись"}, {"id": "touch", "emoji": "⭐", "title": "торкнутись зірки"}, {"id": "score", "emoji": "+1", "title": "додати бал"}, {"id": "win", "emoji": "🏆", "title": "перемога"}], "targetBlocks": ["event", "move", "touch", "score", "win"], "points": 15}'::jsonb),
('30000000-0000-4000-8000-000000000003', 34, 'Збери Scratch-сцену 34', 'game', 5, 'Нехай дитина пояснить, які спрайти й змінні потрібні для гри.', '{"mode": "scratchScene", "hero": "🎬", "instruction": "Додай потрібні об’єкти на сцену гри.", "required": ["hero", "goal", "score"], "items": [{"id": "hero", "emoji": "🐱", "title": "герой"}, {"id": "goal", "emoji": "🏁", "title": "фініш"}, {"id": "score", "emoji": "⭐", "title": "рахунок"}, {"id": "enemy", "emoji": "👾", "title": "ворог"}, {"id": "sound", "emoji": "🔊", "title": "звук"}], "points": 12}'::jsonb),
('30000000-0000-4000-8000-000000000003', 35, 'Scratch-тест 35', 'game', 5, 'Міні-тест після кількох практичних кроків.', '{"mode": "quizBattle", "hero": "❓", "instruction": "Дай відповіді про Scratch.", "minCorrect": 2, "pointsPerQuestion": 4, "questions": [{"text": "Що запускає програму у Scratch?", "options": [{"emoji": "🏁", "title": "Зелений прапорець", "correct": true}, {"emoji": "🧱", "title": "Стіна"}, {"emoji": "🍕", "title": "Піца"}]}, {"text": "Що таке спрайт?", "options": [{"emoji": "🐱", "title": "Персонаж або об’єкт", "correct": true}, {"emoji": "📦", "title": "Коробка"}, {"emoji": "🔑", "title": "Пароль"}]}, {"text": "Навіщо змінна score?", "options": [{"emoji": "⭐", "title": "Рахувати бали", "correct": true}, {"emoji": "😴", "title": "Спати"}, {"emoji": "🧨", "title": "Ламати гру"}]}]}'::jsonb),
('30000000-0000-4000-8000-000000000003', 36, 'Друк команд Scratch 36', 'game', 6, 'Тренування клавіатури для назв блоків та команд.', '{"mode": "typingGame", "hero": "⌨️", "instruction": "Надрукуй назву команди Scratch.", "target": "move 10 steps", "points": 10}'::jsonb),
('30000000-0000-4000-8000-000000000003', 37, 'Scratch-блоки: сцена 37', 'game', 6, 'Після міні-симуляції дитина повторює логіку в Scratch.', '{"mode": "scratchBlocks", "hero": "🐱", "instruction": "Склади правильний порядок блоків і запусти міні-сцену.", "sprite": "🐱", "stageItems": ["🐱", "⭐", "🏁", "👾"], "palette": [{"id": "event", "emoji": "🏁", "title": "старт"}, {"id": "repeat", "emoji": "🔁", "title": "повторити"}, {"id": "move", "emoji": "➡️", "title": "рух"}, {"id": "ifwall", "emoji": "🧱", "title": "якщо стіна"}, {"id": "turn", "emoji": "↪️", "title": "поворот"}], "targetBlocks": ["event", "repeat", "move", "ifwall", "turn"], "points": 15}'::jsonb),
('30000000-0000-4000-8000-000000000003', 38, 'Scratch-блоки: сцена 38', 'game', 6, 'Після міні-симуляції дитина повторює логіку в Scratch.', '{"mode": "scratchBlocks", "hero": "🐱", "instruction": "Склади правильний порядок блоків і запусти міні-сцену.", "sprite": "🐱", "stageItems": ["🐱", "⭐", "🏁", "👾"], "palette": [{"id": "event", "emoji": "🏁", "title": "старт"}, {"id": "clone", "emoji": "👥", "title": "клон"}, {"id": "fall", "emoji": "⬇️", "title": "падати"}, {"id": "catch", "emoji": "🧺", "title": "зловити"}, {"id": "score", "emoji": "⭐", "title": "бал"}], "targetBlocks": ["event", "clone", "fall", "catch", "score"], "points": 15}'::jsonb),
('30000000-0000-4000-8000-000000000003', 39, 'Scratch-блоки: сцена 39', 'game', 6, 'Після міні-симуляції дитина повторює логіку в Scratch.', '{"mode": "scratchBlocks", "hero": "🐱", "instruction": "Склади правильний порядок блоків і запусти міні-сцену.", "sprite": "🐱", "stageItems": ["🐱", "⭐", "🏁", "👾"], "palette": [{"id": "event", "emoji": "🏁", "title": "коли прапорець"}, {"id": "move", "emoji": "➡️", "title": "рухатись"}, {"id": "touch", "emoji": "⭐", "title": "торкнутись зірки"}, {"id": "score", "emoji": "+1", "title": "додати бал"}, {"id": "win", "emoji": "🏆", "title": "перемога"}], "targetBlocks": ["event", "move", "touch", "score", "win"], "points": 15}'::jsonb),
('30000000-0000-4000-8000-000000000003', 40, 'Збери Scratch-сцену 40', 'game', 5, 'Нехай дитина пояснить, які спрайти й змінні потрібні для гри.', '{"mode": "scratchScene", "hero": "🎬", "instruction": "Додай потрібні об’єкти на сцену гри.", "required": ["hero", "goal", "score"], "items": [{"id": "hero", "emoji": "🐱", "title": "герой"}, {"id": "goal", "emoji": "🏁", "title": "фініш"}, {"id": "score", "emoji": "⭐", "title": "рахунок"}, {"id": "enemy", "emoji": "👾", "title": "ворог"}, {"id": "sound", "emoji": "🔊", "title": "звук"}], "points": 12}'::jsonb),
('30000000-0000-4000-8000-000000000003', 41, 'Scratch-тест 41', 'game', 5, 'Міні-тест після кількох практичних кроків.', '{"mode": "quizBattle", "hero": "❓", "instruction": "Дай відповіді про Scratch.", "minCorrect": 2, "pointsPerQuestion": 4, "questions": [{"text": "Що запускає програму у Scratch?", "options": [{"emoji": "🏁", "title": "Зелений прапорець", "correct": true}, {"emoji": "🧱", "title": "Стіна"}, {"emoji": "🍕", "title": "Піца"}]}, {"text": "Що таке спрайт?", "options": [{"emoji": "🐱", "title": "Персонаж або об’єкт", "correct": true}, {"emoji": "📦", "title": "Коробка"}, {"emoji": "🔑", "title": "Пароль"}]}, {"text": "Навіщо змінна score?", "options": [{"emoji": "⭐", "title": "Рахувати бали", "correct": true}, {"emoji": "😴", "title": "Спати"}, {"emoji": "🧨", "title": "Ламати гру"}]}]}'::jsonb),
('30000000-0000-4000-8000-000000000003', 42, 'Друк команд Scratch 42', 'game', 6, 'Тренування клавіатури для назв блоків та команд.', '{"mode": "typingGame", "hero": "⌨️", "instruction": "Надрукуй назву команди Scratch.", "target": "change score by 1", "points": 10}'::jsonb),
('30000000-0000-4000-8000-000000000003', 43, 'Scratch-блоки: сцена 43', 'game', 6, 'Після міні-симуляції дитина повторює логіку в Scratch.', '{"mode": "scratchBlocks", "hero": "🐱", "instruction": "Склади правильний порядок блоків і запусти міні-сцену.", "sprite": "🐱", "stageItems": ["🐱", "⭐", "🏁", "👾"], "palette": [{"id": "event", "emoji": "🏁", "title": "старт"}, {"id": "repeat", "emoji": "🔁", "title": "повторити"}, {"id": "move", "emoji": "➡️", "title": "рух"}, {"id": "ifwall", "emoji": "🧱", "title": "якщо стіна"}, {"id": "turn", "emoji": "↪️", "title": "поворот"}], "targetBlocks": ["event", "repeat", "move", "ifwall", "turn"], "points": 15}'::jsonb),
('30000000-0000-4000-8000-000000000003', 44, 'Scratch-блоки: сцена 44', 'game', 6, 'Після міні-симуляції дитина повторює логіку в Scratch.', '{"mode": "scratchBlocks", "hero": "🐱", "instruction": "Склади правильний порядок блоків і запусти міні-сцену.", "sprite": "🐱", "stageItems": ["🐱", "⭐", "🏁", "👾"], "palette": [{"id": "event", "emoji": "🏁", "title": "старт"}, {"id": "clone", "emoji": "👥", "title": "клон"}, {"id": "fall", "emoji": "⬇️", "title": "падати"}, {"id": "catch", "emoji": "🧺", "title": "зловити"}, {"id": "score", "emoji": "⭐", "title": "бал"}], "targetBlocks": ["event", "clone", "fall", "catch", "score"], "points": 15}'::jsonb),
('30000000-0000-4000-8000-000000000003', 45, 'Scratch-блоки: сцена 45', 'game', 6, 'Після міні-симуляції дитина повторює логіку в Scratch.', '{"mode": "scratchBlocks", "hero": "🐱", "instruction": "Склади правильний порядок блоків і запусти міні-сцену.", "sprite": "🐱", "stageItems": ["🐱", "⭐", "🏁", "👾"], "palette": [{"id": "event", "emoji": "🏁", "title": "коли прапорець"}, {"id": "move", "emoji": "➡️", "title": "рухатись"}, {"id": "touch", "emoji": "⭐", "title": "торкнутись зірки"}, {"id": "score", "emoji": "+1", "title": "додати бал"}, {"id": "win", "emoji": "🏆", "title": "перемога"}], "targetBlocks": ["event", "move", "touch", "score", "win"], "points": 15}'::jsonb);

-- Check result
select g.title, count(l.id) as levels from public.games g left join public.game_levels l on l.game_id = g.id group by g.title order by g.title;
